2026-02-03 22:55:23:5523 [31merror[39m: [31mSyntaxError: Expected double-quoted property name in JSON at position 34 (line 3 column 1) [39m
[31mStack: SyntaxError: Expected double-quoted property name in JSON at position 34 (line 3 column 1)[39m
[31m    at JSON.parse (<anonymous>)[39m
[31m    at parse (E:\Self Project\Finance-Management-System\node-server\node_modules\body-parser\lib\types\json.js:77:19)[39m
[31m    at E:\Self Project\Finance-Management-System\node-server\node_modules\body-parser\lib\read.js:123:18[39m
[31m    at AsyncResource.runInAsyncScope (node:async_hooks:214:14)[39m
[31m    at invokeCallback (E:\Self Project\Finance-Management-System\node-server\node_modules\raw-body\index.js:238:16)[39m
[31m    at done (E:\Self Project\Finance-Management-System\node-server\node_modules\raw-body\index.js:227:7)[39m
[31m    at IncomingMessage.onEnd (E:\Self Project\Finance-Management-System\node-server\node_modules\raw-body\index.js:287:7)[39m
[31m    at IncomingMessage.emit (node:events:518:28)[39m
[31m    at endReadableNT (node:internal/streams/readable:1698:12)[39m
[31m    at process.processTicksAndRejections (node:internal/process/task_queues:90:21)[39m
2026-02-03 23:04:21:421 [31merror[39m: [31mBadRequestError: errors.validation_error [39m
[31mStack: BadRequestError: errors.validation_error[39m
[31m    at BaseController.requireFields (file:///E:/Self%20Project/Finance-Management-System/node-server/bases/BaseController.js:25:13)[39m
[31m    at file:///E:/Self%20Project/Finance-Management-System/node-server/controllers/v1/authController.js:20:18[39m
[31m    at file:///E:/Self%20Project/Finance-Management-System/node-server/utils/AsyncHelper/Async.js:3:25[39m
[31m    at Layer.handleRequest (E:\Self Project\Finance-Management-System\node-server\node_modules\router\lib\layer.js:152:17)[39m
[31m    at next (E:\Self Project\Finance-Management-System\node-server\node_modules\router\lib\route.js:157:13)[39m
[31m    at Route.dispatch (E:\Self Project\Finance-Management-System\node-server\node_modules\router\lib\route.js:117:3)[39m
[31m    at handle (E:\Self Project\Finance-Management-System\node-server\node_modules\router\index.js:435:11)[39m
[31m    at Layer.handleRequest (E:\Self Project\Finance-Management-System\node-server\node_modules\router\lib\layer.js:152:17)[39m
[31m    at E:\Self Project\Finance-Management-System\node-server\node_modules\router\index.js:295:15[39m
[31m    at processParams (E:\Self Project\Finance-Management-System\node-server\node_modules\router\index.js:582:12)[39m
2026-02-03 23:07:35:735 [31merror[39m: [31mBadRequestError: errors.validation_error [39m
[31mStack: BadRequestError: errors.validation_error[39m
[31m    at BaseController.requireFields (file:///E:/Self%20Project/Finance-Management-System/node-server/bases/BaseController.js:25:11)[39m
[31m    at file:///E:/Self%20Project/Finance-Management-System/node-server/controllers/v1/authController.js:20:18[39m
[31m    at file:///E:/Self%20Project/Finance-Management-System/node-server/utils/AsyncHelper/Async.js:3:25[39m
[31m    at Layer.handleRequest (E:\Self Project\Finance-Management-System\node-server\node_modules\router\lib\layer.js:152:17)[39m
[31m    at next (E:\Self Project\Finance-Management-System\node-server\node_modules\router\lib\route.js:157:13)[39m
[31m    at Route.dispatch (E:\Self Project\Finance-Management-System\node-server\node_modules\router\lib\route.js:117:3)[39m
[31m    at handle (E:\Self Project\Finance-Management-System\node-server\node_modules\router\index.js:435:11)[39m
[31m    at Layer.handleRequest (E:\Self Project\Finance-Management-System\node-server\node_modules\router\lib\layer.js:152:17)[39m
[31m    at E:\Self Project\Finance-Management-System\node-server\node_modules\router\index.js:295:15[39m
[31m    at processParams (E:\Self Project\Finance-Management-System\node-server\node_modules\router\index.js:582:12)[39m
2026-02-03 23:12:51:1251 [31merror[39m: [31mBadRequestError: errors.validation_error [39m
[31mStack: BadRequestError: errors.validation_error[39m
[31m    at BaseController.requireFields (file:///E:/Self%20Project/Finance-Management-System/node-server/bases/BaseController.js:25:11)[39m
[31m    at file:///E:/Self%20Project/Finance-Management-System/node-server/controllers/v1/authController.js:20:18[39m
[31m    at file:///E:/Self%20Project/Finance-Management-System/node-server/utils/AsyncHelper/Async.js:3:25[39m
[31m    at Layer.handleRequest (E:\Self Project\Finance-Management-System\node-server\node_modules\router\lib\layer.js:152:17)[39m
[31m    at next (E:\Self Project\Finance-Management-System\node-server\node_modules\router\lib\route.js:157:13)[39m
[31m    at Route.dispatch (E:\Self Project\Finance-Management-System\node-server\node_modules\router\lib\route.js:117:3)[39m
[31m    at handle (E:\Self Project\Finance-Management-System\node-server\node_modules\router\index.js:435:11)[39m
[31m    at Layer.handleRequest (E:\Self Project\Finance-Management-System\node-server\node_modules\router\lib\layer.js:152:17)[39m
[31m    at E:\Self Project\Finance-Management-System\node-server\node_modules\router\index.js:295:15[39m
[31m    at processParams (E:\Self Project\Finance-Management-System\node-server\node_modules\router\index.js:582:12)[39m
2026-02-03 23:13:14:1314 [31merror[39m: [31mBadRequestError: errors.validation_error [39m
[31mStack: BadRequestError: errors.validation_error[39m
[31m    at BaseController.requireFields (file:///E:/Self%20Project/Finance-Management-System/node-server/bases/BaseController.js:25:11)[39m
[31m    at file:///E:/Self%20Project/Finance-Management-System/node-server/controllers/v1/authController.js:20:18[39m
[31m    at file:///E:/Self%20Project/Finance-Management-System/node-server/utils/AsyncHelper/Async.js:3:25[39m
[31m    at Layer.handleRequest (E:\Self Project\Finance-Management-System\node-server\node_modules\router\lib\layer.js:152:17)[39m
[31m    at next (E:\Self Project\Finance-Management-System\node-server\node_modules\router\lib\route.js:157:13)[39m
[31m    at Route.dispatch (E:\Self Project\Finance-Management-System\node-server\node_modules\router\lib\route.js:117:3)[39m
[31m    at handle (E:\Self Project\Finance-Management-System\node-server\node_modules\router\index.js:435:11)[39m
[31m    at Layer.handleRequest (E:\Self Project\Finance-Management-System\node-server\node_modules\router\lib\layer.js:152:17)[39m
[31m    at E:\Self Project\Finance-Management-System\node-server\node_modules\router\index.js:295:15[39m
[31m    at processParams (E:\Self Project\Finance-Management-System\node-server\node_modules\router\index.js:582:12)[39m
2026-02-03 23:13:19:1319 [31merror[39m: [31mBadRequestError: errors.validation_error [39m
[31mStack: BadRequestError: errors.validation_error[39m
[31m    at BaseController.requireFields (file:///E:/Self%20Project/Finance-Management-System/node-server/bases/BaseController.js:25:11)[39m
[31m    at file:///E:/Self%20Project/Finance-Management-System/node-server/controllers/v1/authController.js:20:18[39m
[31m    at file:///E:/Self%20Project/Finance-Management-System/node-server/utils/AsyncHelper/Async.js:3:25[39m
[31m    at Layer.handleRequest (E:\Self Project\Finance-Management-System\node-server\node_modules\router\lib\layer.js:152:17)[39m
[31m    at next (E:\Self Project\Finance-Management-System\node-server\node_modules\router\lib\route.js:157:13)[39m
[31m    at Route.dispatch (E:\Self Project\Finance-Management-System\node-server\node_modules\router\lib\route.js:117:3)[39m
[31m    at handle (E:\Self Project\Finance-Management-System\node-server\node_modules\router\index.js:435:11)[39m
[31m    at Layer.handleRequest (E:\Self Project\Finance-Management-System\node-server\node_modules\router\lib\layer.js:152:17)[39m
[31m    at E:\Self Project\Finance-Management-System\node-server\node_modules\router\index.js:295:15[39m
[31m    at processParams (E:\Self Project\Finance-Management-System\node-server\node_modules\router\index.js:582:12)[39m
2026-02-03 23:13:27:1327 [31merror[39m: [31mBadRequestError: errors.validation_error [39m
[31mStack: BadRequestError: errors.validation_error[39m
[31m    at BaseController.requireFields (file:///E:/Self%20Project/Finance-Management-System/node-server/bases/BaseController.js:25:11)[39m
[31m    at file:///E:/Self%20Project/Finance-Management-System/node-server/controllers/v1/authController.js:20:18[39m
[31m    at file:///E:/Self%20Project/Finance-Management-System/node-server/utils/AsyncHelper/Async.js:3:25[39m
[31m    at Layer.handleRequest (E:\Self Project\Finance-Management-System\node-server\node_modules\router\lib\layer.js:152:17)[39m
[31m    at next (E:\Self Project\Finance-Management-System\node-server\node_modules\router\lib\route.js:157:13)[39m
[31m    at Route.dispatch (E:\Self Project\Finance-Management-System\node-server\node_modules\router\lib\route.js:117:3)[39m
[31m    at handle (E:\Self Project\Finance-Management-System\node-server\node_modules\router\index.js:435:11)[39m
[31m    at Layer.handleRequest (E:\Self Project\Finance-Management-System\node-server\node_modules\router\lib\layer.js:152:17)[39m
[31m    at E:\Self Project\Finance-Management-System\node-server\node_modules\router\index.js:295:15[39m
[31m    at processParams (E:\Self Project\Finance-Management-System\node-server\node_modules\router\index.js:582:12)[39m
2026-02-03 23:15:29:1529 [31merror[39m: [31mBadRequestError: errors.validation_error [39m
[31mStack: BadRequestError: errors.validation_error[39m
[31m    at BaseController.requireFields (file:///E:/Self%20Project/Finance-Management-System/node-server/bases/BaseController.js:25:11)[39m
[31m    at file:///E:/Self%20Project/Finance-Management-System/node-server/controllers/v1/authController.js:20:18[39m
[31m    at file:///E:/Self%20Project/Finance-Management-System/node-server/utils/AsyncHelper/Async.js:3:25[39m
[31m    at Layer.handleRequest (E:\Self Project\Finance-Management-System\node-server\node_modules\router\lib\layer.js:152:17)[39m
[31m    at next (E:\Self Project\Finance-Management-System\node-server\node_modules\router\lib\route.js:157:13)[39m
[31m    at Route.dispatch (E:\Self Project\Finance-Management-System\node-server\node_modules\router\lib\route.js:117:3)[39m
[31m    at handle (E:\Self Project\Finance-Management-System\node-server\node_modules\router\index.js:435:11)[39m
[31m    at Layer.handleRequest (E:\Self Project\Finance-Management-System\node-server\node_modules\router\lib\layer.js:152:17)[39m
[31m    at E:\Self Project\Finance-Management-System\node-server\node_modules\router\index.js:295:15[39m
[31m    at processParams (E:\Self Project\Finance-Management-System\node-server\node_modules\router\index.js:582:12)[39m
2026-02-03 23:17:44:1744 [31merror[39m: [31mBadRequestError: errors.validation_error [39m
[31mStack: BadRequestError: errors.validation_error[39m
[31m    at BaseController.requireFields (file:///E:/Self%20Project/Finance-Management-System/node-server/bases/BaseController.js:25:11)[39m
[31m    at file:///E:/Self%20Project/Finance-Management-System/node-server/controllers/v1/authController.js:20:18[39m
[31m    at file:///E:/Self%20Project/Finance-Management-System/node-server/utils/AsyncHelper/Async.js:3:25[39m
[31m    at Layer.handleRequest (E:\Self Project\Finance-Management-System\node-server\node_modules\router\lib\layer.js:152:17)[39m
[31m    at next (E:\Self Project\Finance-Management-System\node-server\node_modules\router\lib\route.js:157:13)[39m
[31m    at Route.dispatch (E:\Self Project\Finance-Management-System\node-server\node_modules\router\lib\route.js:117:3)[39m
[31m    at handle (E:\Self Project\Finance-Management-System\node-server\node_modules\router\index.js:435:11)[39m
[31m    at Layer.handleRequest (E:\Self Project\Finance-Management-System\node-server\node_modules\router\lib\layer.js:152:17)[39m
[31m    at E:\Self Project\Finance-Management-System\node-server\node_modules\router\index.js:295:15[39m
[31m    at processParams (E:\Self Project\Finance-Management-System\node-server\node_modules\router\index.js:582:12)[39m
2026-02-03 23:18:16:1816 [31merror[39m: [31mBadRequestError: Password should be at least 6 characters. [39m
[31mStack: BadRequestError: Password should be at least 6 characters.[39m
[31m    at file:///E:/Self%20Project/Finance-Management-System/node-server/controllers/v1/authController.js:34:11[39m
[31m    at process.processTicksAndRejections (node:internal/process/task_queues:105:5)[39m
2026-02-03 23:18:22:1822 [31merror[39m: [31mBadRequestError: Email address "test@gamil.com" is invalid [39m
[31mStack: BadRequestError: Email address "test@gamil.com" is invalid[39m
[31m    at file:///E:/Self%20Project/Finance-Management-System/node-server/controllers/v1/authController.js:34:11[39m
[31m    at process.processTicksAndRejections (node:internal/process/task_queues:105:5)[39m
2026-02-03 23:19:06:196 [31merror[39m: [31mBadRequestError: Email address "test@gmail.com" is invalid [39m
[31mStack: BadRequestError: Email address "test@gmail.com" is invalid[39m
[31m    at file:///E:/Self%20Project/Finance-Management-System/node-server/controllers/v1/authController.js:34:11[39m
[31m    at process.processTicksAndRejections (node:internal/process/task_queues:105:5)[39m
2026-02-03 23:20:09:209 [31merror[39m: [31mBadRequestError: email rate limit exceeded [39m
[31mStack: BadRequestError: email rate limit exceeded[39m
[31m    at file:///E:/Self%20Project/Finance-Management-System/node-server/controllers/v1/authController.js:34:11[39m
[31m    at process.processTicksAndRejections (node:internal/process/task_queues:105:5)[39m
2026-02-03 23:24:48:2448 [31merror[39m: [31mReferenceError: user is not defined [39m
[31mStack: ReferenceError: user is not defined[39m
[31m    at file:///E:/Self%20Project/Finance-Management-System/node-server/controllers/v1/authController.js:45:5[39m
[31m    at process.processTicksAndRejections (node:internal/process/task_queues:105:5)[39m
2026-02-03 23:28:25:2825 [31merror[39m: [31mBadRequestError: User already registered [39m
[31mStack: BadRequestError: User already registered[39m
[31m    at file:///E:/Self%20Project/Finance-Management-System/node-server/controllers/v1/authController.js:35:11[39m
[31m    at process.processTicksAndRejections (node:internal/process/task_queues:105:5)[39m
2026-02-03 23:33:46:3346 [31merror[39m: [31mBadRequestError: errors.validation_error [39m
[31mStack: BadRequestError: errors.validation_error[39m
[31m    at BaseController.validatePassword (file:///E:/Self%20Project/Finance-Management-System/node-server/bases/BaseController.js:36:11)[39m
[31m    at file:///E:/Self%20Project/Finance-Management-System/node-server/controllers/v1/authController.js:24:18[39m
[31m    at file:///E:/Self%20Project/Finance-Management-System/node-server/utils/AsyncHelper/Async.js:3:25[39m
[31m    at Layer.handleRequest (E:\Self Project\Finance-Management-System\node-server\node_modules\router\lib\layer.js:152:17)[39m
[31m    at next (E:\Self Project\Finance-Management-System\node-server\node_modules\router\lib\route.js:157:13)[39m
[31m    at Route.dispatch (E:\Self Project\Finance-Management-System\node-server\node_modules\router\lib\route.js:117:3)[39m
[31m    at handle (E:\Self Project\Finance-Management-System\node-server\node_modules\router\index.js:435:11)[39m
[31m    at Layer.handleRequest (E:\Self Project\Finance-Management-System\node-server\node_modules\router\lib\layer.js:152:17)[39m
[31m    at E:\Self Project\Finance-Management-System\node-server\node_modules\router\index.js:295:15[39m
[31m    at processParams (E:\Self Project\Finance-Management-System\node-server\node_modules\router\index.js:582:12)[39m
2026-02-03 23:34:02:342 [31merror[39m: [31mBadRequestError: errors.validation_error [39m
[31mStack: BadRequestError: errors.validation_error[39m
[31m    at BaseController.validatePassword (file:///E:/Self%20Project/Finance-Management-System/node-server/bases/BaseController.js:36:11)[39m
[31m    at file:///E:/Self%20Project/Finance-Management-System/node-server/controllers/v1/authController.js:24:18[39m
[31m    at file:///E:/Self%20Project/Finance-Management-System/node-server/utils/AsyncHelper/Async.js:3:25[39m
[31m    at Layer.handleRequest (E:\Self Project\Finance-Management-System\node-server\node_modules\router\lib\layer.js:152:17)[39m
[31m    at next (E:\Self Project\Finance-Management-System\node-server\node_modules\router\lib\route.js:157:13)[39m
[31m    at Route.dispatch (E:\Self Project\Finance-Management-System\node-server\node_modules\router\lib\route.js:117:3)[39m
[31m    at handle (E:\Self Project\Finance-Management-System\node-server\node_modules\router\index.js:435:11)[39m
[31m    at Layer.handleRequest (E:\Self Project\Finance-Management-System\node-server\node_modules\router\lib\layer.js:152:17)[39m
[31m    at E:\Self Project\Finance-Management-System\node-server\node_modules\router\index.js:295:15[39m
[31m    at processParams (E:\Self Project\Finance-Management-System\node-server\node_modules\router\index.js:582:12)[39m
2026-02-04 00:07:44:744 [31merror[39m: [31mSyntaxError: Expected double-quoted property name in JSON at position 62 (line 4 column 1) [39m
[31mStack: SyntaxError: Expected double-quoted property name in JSON at position 62 (line 4 column 1)[39m
[31m    at JSON.parse (<anonymous>)[39m
[31m    at parse (E:\Self Project\Finance-Management-System\node-server\node_modules\body-parser\lib\types\json.js:77:19)[39m
[31m    at E:\Self Project\Finance-Management-System\node-server\node_modules\body-parser\lib\read.js:123:18[39m
[31m    at AsyncResource.runInAsyncScope (node:async_hooks:214:14)[39m
[31m    at invokeCallback (E:\Self Project\Finance-Management-System\node-server\node_modules\raw-body\index.js:238:16)[39m
[31m    at done (E:\Self Project\Finance-Management-System\node-server\node_modules\raw-body\index.js:227:7)[39m
[31m    at IncomingMessage.onEnd (E:\Self Project\Finance-Management-System\node-server\node_modules\raw-body\index.js:287:7)[39m
[31m    at IncomingMessage.emit (node:events:518:28)[39m
[31m    at endReadableNT (node:internal/streams/readable:1698:12)[39m
[31m    at process.processTicksAndRejections (node:internal/process/task_queues:90:21)[39m
2026-02-04 00:58:59:5859 [31merror[39m: [31mBadRequestError: errors.bad_request [39m
[31mStack: BadRequestError: errors.bad_request[39m
[31m    at BaseController.bodyExist (file:///E:/Self%20Project/Finance-Management-System/node-server/bases/BaseController.js:44:13)[39m
[31m    at file:///E:/Self%20Project/Finance-Management-System/node-server/controllers/v1/roleController.js:8:18[39m
[31m    at file:///E:/Self%20Project/Finance-Management-System/node-server/utils/AsyncHelper/Async.js:3:25[39m
[31m    at Layer.handleRequest (E:\Self Project\Finance-Management-System\node-server\node_modules\router\lib\layer.js:152:17)[39m
[31m    at next (E:\Self Project\Finance-Management-System\node-server\node_modules\router\lib\route.js:157:13)[39m
[31m    at Route.dispatch (E:\Self Project\Finance-Management-System\node-server\node_modules\router\lib\route.js:117:3)[39m
[31m    at handle (E:\Self Project\Finance-Management-System\node-server\node_modules\router\index.js:435:11)[39m
[31m    at Layer.handleRequest (E:\Self Project\Finance-Management-System\node-server\node_modules\router\lib\layer.js:152:17)[39m
[31m    at E:\Self Project\Finance-Management-System\node-server\node_modules\router\index.js:295:15[39m
[31m    at processParams (E:\Self Project\Finance-Management-System\node-server\node_modules\router\index.js:582:12)[39m
2026-02-04 01:02:32:232 [31merror[39m: [31mSequelizeValidationError: notNull Violation: Role.name cannot be null [39m
[31mStack: SequelizeValidationError: notNull Violation: Role.name cannot be null[39m
[31m    at InstanceValidator._validate (E:\Self Project\Finance-Management-System\node-server\node_modules\sequelize\lib\instance-validator.js:50:13)[39m
[31m    at process.processTicksAndRejections (node:internal/process/task_queues:105:5)[39m
[31m    at async InstanceValidator._validateAndRunHooks (E:\Self Project\Finance-Management-System\node-server\node_modules\sequelize\lib\instance-validator.js:60:7)[39m
[31m    at async InstanceValidator.validate (E:\Self Project\Finance-Management-System\node-server\node_modules\sequelize\lib\instance-validator.js:54:12)[39m
[31m    at async Roles.save (E:\Self Project\Finance-Management-System\node-server\node_modules\sequelize\lib\model.js:2426:7)[39m
[31m    at async Role.create (E:\Self Project\Finance-Management-System\node-server\node_modules\sequelize\lib\model.js:1362:12)[39m
[31m    at async BaseController.create (file:///E:/Self%20Project/Finance-Management-System/node-server/bases/BaseController.js:75:12)[39m
[31m    at async file:///E:/Self%20Project/Finance-Management-System/node-server/controllers/v1/roleController.js:13:15[39m
2026-02-04 01:04:28:428 [31merror[39m: [31mSequelizeUniqueConstraintError: Validation error [39m
[31mStack: Error[39m
[31m    at Query.run (E:\Self Project\Finance-Management-System\node-server\node_modules\sequelize\lib\dialects\postgres\query.js:50:25)[39m
[31m    at E:\Self Project\Finance-Management-System\node-server\node_modules\sequelize\lib\sequelize.js:315:28[39m
[31m    at process.processTicksAndRejections (node:internal/process/task_queues:105:5)[39m
[31m    at async PostgresQueryInterface.insert (E:\Self Project\Finance-Management-System\node-server\node_modules\sequelize\lib\dialects\abstract\query-interface.js:308:21)[39m
[31m    at async Roles.save (E:\Self Project\Finance-Management-System\node-server\node_modules\sequelize\lib\model.js:2490:35)[39m
[31m    at async Role.create (E:\Self Project\Finance-Management-System\node-server\node_modules\sequelize\lib\model.js:1362:12)[39m
[31m    at async BaseController.create (file:///E:/Self%20Project/Finance-Management-System/node-server/bases/BaseController.js:75:12)[39m
[31m    at async file:///E:/Self%20Project/Finance-Management-System/node-server/controllers/v1/roleController.js:13:15[39m
2026-02-04 01:25:45:2545 [31merror[39m: [31mBadRequestError: errors.bad_request [39m
[31mStack: BadRequestError: errors.bad_request[39m
[31m    at BaseController.bodyExist (file:///E:/Self%20Project/Finance-Management-System/node-server/bases/BaseController.js:47:13)[39m
[31m    at file:///E:/Self%20Project/Finance-Management-System/node-server/controllers/v1/roleController.js:41:20[39m
[31m    at file:///E:/Self%20Project/Finance-Management-System/node-server/utils/AsyncHelper/Async.js:3:25[39m
[31m    at Layer.handleRequest (E:\Self Project\Finance-Management-System\node-server\node_modules\router\lib\layer.js:152:17)[39m
[31m    at next (E:\Self Project\Finance-Management-System\node-server\node_modules\router\lib\route.js:157:13)[39m
[31m    at Route.dispatch (E:\Self Project\Finance-Management-System\node-server\node_modules\router\lib\route.js:117:3)[39m
[31m    at handle (E:\Self Project\Finance-Management-System\node-server\node_modules\router\index.js:435:11)[39m
[31m    at Layer.handleRequest (E:\Self Project\Finance-Management-System\node-server\node_modules\router\lib\layer.js:152:17)[39m
[31m    at E:\Self Project\Finance-Management-System\node-server\node_modules\router\index.js:295:15[39m
[31m    at param (E:\Self Project\Finance-Management-System\node-server\node_modules\router\index.js:600:14)[39m
2026-02-04 01:33:21:3321 [31merror[39m: [31mSequelizeDatabaseError: column "deleted_at" does not exist [39m
[31mStack: Error[39m
[31m    at Query.run (E:\Self Project\Finance-Management-System\node-server\node_modules\sequelize\lib\dialects\postgres\query.js:50:25)[39m
[31m    at E:\Self Project\Finance-Management-System\node-server\node_modules\sequelize\lib\sequelize.js:315:28[39m
[31m    at process.processTicksAndRejections (node:internal/process/task_queues:105:5)[39m
[31m    at async PostgresQueryInterface.insert (E:\Self Project\Finance-Management-System\node-server\node_modules\sequelize\lib\dialects\abstract\query-interface.js:308:21)[39m
[31m    at async Roles.save (E:\Self Project\Finance-Management-System\node-server\node_modules\sequelize\lib\model.js:2490:35)[39m
[31m    at async Role.create (E:\Self Project\Finance-Management-System\node-server\node_modules\sequelize\lib\model.js:1362:12)[39m
[31m    at async BaseController.create (file:///E:/Self%20Project/Finance-Management-System/node-server/bases/BaseController.js:78:12)[39m
[31m    at async file:///E:/Self%20Project/Finance-Management-System/node-server/controllers/v1/roleController.js:35:15[39m
2026-02-04 01:35:51:3551 [31merror[39m: [31mSequelizeUniqueConstraintError: Validation error [39m
[31mStack: Error[39m
[31m    at Query.run (E:\Self Project\Finance-Management-System\node-server\node_modules\sequelize\lib\dialects\postgres\query.js:50:25)[39m
[31m    at E:\Self Project\Finance-Management-System\node-server\node_modules\sequelize\lib\sequelize.js:315:28[39m
[31m    at process.processTicksAndRejections (node:internal/process/task_queues:105:5)[39m
[31m    at async PostgresQueryInterface.insert (E:\Self Project\Finance-Management-System\node-server\node_modules\sequelize\lib\dialects\abstract\query-interface.js:308:21)[39m
[31m    at async Roles.save (E:\Self Project\Finance-Management-System\node-server\node_modules\sequelize\lib\model.js:2490:35)[39m
[31m    at async Role.create (E:\Self Project\Finance-Management-System\node-server\node_modules\sequelize\lib\model.js:1362:12)[39m
[31m    at async BaseController.create (file:///E:/Self%20Project/Finance-Management-System/node-server/bases/BaseController.js:78:12)[39m
[31m    at async file:///E:/Self%20Project/Finance-Management-System/node-server/controllers/v1/roleController.js:35:15[39m
2026-02-04 01:37:01:371 [31merror[39m: [31mSequelizeUniqueConstraintError: Validation error [39m
[31mStack: Error[39m
[31m    at Query.run (E:\Self Project\Finance-Management-System\node-server\node_modules\sequelize\lib\dialects\postgres\query.js:50:25)[39m
[31m    at E:\Self Project\Finance-Management-System\node-server\node_modules\sequelize\lib\sequelize.js:315:28[39m
[31m    at process.processTicksAndRejections (node:internal/process/task_queues:105:5)[39m
[31m    at async PostgresQueryInterface.insert (E:\Self Project\Finance-Management-System\node-server\node_modules\sequelize\lib\dialects\abstract\query-interface.js:308:21)[39m
[31m    at async Roles.save (E:\Self Project\Finance-Management-System\node-server\node_modules\sequelize\lib\model.js:2490:35)[39m
[31m    at async Role.create (E:\Self Project\Finance-Management-System\node-server\node_modules\sequelize\lib\model.js:1362:12)[39m
[31m    at async BaseController.create (file:///E:/Self%20Project/Finance-Management-System/node-server/bases/BaseController.js:78:12)[39m
[31m    at async file:///E:/Self%20Project/Finance-Management-System/node-server/controllers/v1/roleController.js:35:15[39m
2026-02-04 01:37:03:373 [31merror[39m: [31mSequelizeUniqueConstraintError: Validation error [39m
[31mStack: Error[39m
[31m    at Query.run (E:\Self Project\Finance-Management-System\node-server\node_modules\sequelize\lib\dialects\postgres\query.js:50:25)[39m
[31m    at E:\Self Project\Finance-Management-System\node-server\node_modules\sequelize\lib\sequelize.js:315:28[39m
[31m    at process.processTicksAndRejections (node:internal/process/task_queues:105:5)[39m
[31m    at async PostgresQueryInterface.insert (E:\Self Project\Finance-Management-System\node-server\node_modules\sequelize\lib\dialects\abstract\query-interface.js:308:21)[39m
[31m    at async Roles.save (E:\Self Project\Finance-Management-System\node-server\node_modules\sequelize\lib\model.js:2490:35)[39m
[31m    at async Role.create (E:\Self Project\Finance-Management-System\node-server\node_modules\sequelize\lib\model.js:1362:12)[39m
[31m    at async BaseController.create (file:///E:/Self%20Project/Finance-Management-System/node-server/bases/BaseController.js:78:12)[39m
[31m    at async file:///E:/Self%20Project/Finance-Management-System/node-server/controllers/v1/roleController.js:35:15[39m
2026-02-04 01:37:16:3716 [31merror[39m: [31mSequelizeUniqueConstraintError: Validation error [39m
[31mStack: Error[39m
[31m    at Query.run (E:\Self Project\Finance-Management-System\node-server\node_modules\sequelize\lib\dialects\postgres\query.js:50:25)[39m
[31m    at E:\Self Project\Finance-Management-System\node-server\node_modules\sequelize\lib\sequelize.js:315:28[39m
[31m    at process.processTicksAndRejections (node:internal/process/task_queues:105:5)[39m
[31m    at async PostgresQueryInterface.insert (E:\Self Project\Finance-Management-System\node-server\node_modules\sequelize\lib\dialects\abstract\query-interface.js:308:21)[39m
[31m    at async Roles.save (E:\Self Project\Finance-Management-System\node-server\node_modules\sequelize\lib\model.js:2490:35)[39m
[31m    at async Role.create (E:\Self Project\Finance-Management-System\node-server\node_modules\sequelize\lib\model.js:1362:12)[39m
[31m    at async BaseController.create (file:///E:/Self%20Project/Finance-Management-System/node-server/bases/BaseController.js:78:12)[39m
[31m    at async file:///E:/Self%20Project/Finance-Management-System/node-server/controllers/v1/roleController.js:35:15[39m
2026-02-04 01:39:06:396 [31merror[39m: [31mSequelizeUniqueConstraintError: Validation error [39m
[31mStack: Error[39m
[31m    at Query.run (E:\Self Project\Finance-Management-System\node-server\node_modules\sequelize\lib\dialects\postgres\query.js:50:25)[39m
[31m    at E:\Self Project\Finance-Management-System\node-server\node_modules\sequelize\lib\sequelize.js:315:28[39m
[31m    at process.processTicksAndRejections (node:internal/process/task_queues:105:5)[39m
[31m    at async PostgresQueryInterface.insert (E:\Self Project\Finance-Management-System\node-server\node_modules\sequelize\lib\dialects\abstract\query-interface.js:308:21)[39m
[31m    at async Roles.save (E:\Self Project\Finance-Management-System\node-server\node_modules\sequelize\lib\model.js:2490:35)[39m
[31m    at async Role.create (E:\Self Project\Finance-Management-System\node-server\node_modules\sequelize\lib\model.js:1362:12)[39m
[31m    at async BaseController.create (file:///E:/Self%20Project/Finance-Management-System/node-server/bases/BaseController.js:78:12)[39m
[31m    at async file:///E:/Self%20Project/Finance-Management-System/node-server/controllers/v1/roleController.js:35:15[39m
2026-02-04 01:39:07:397 [31merror[39m: [31mSequelizeUniqueConstraintError: Validation error [39m
[31mStack: Error[39m
[31m    at Query.run (E:\Self Project\Finance-Management-System\node-server\node_modules\sequelize\lib\dialects\postgres\query.js:50:25)[39m
[31m    at E:\Self Project\Finance-Management-System\node-server\node_modules\sequelize\lib\sequelize.js:315:28[39m
[31m    at process.processTicksAndRejections (node:internal/process/task_queues:105:5)[39m
[31m    at async PostgresQueryInterface.insert (E:\Self Project\Finance-Management-System\node-server\node_modules\sequelize\lib\dialects\abstract\query-interface.js:308:21)[39m
[31m    at async Roles.save (E:\Self Project\Finance-Management-System\node-server\node_modules\sequelize\lib\model.js:2490:35)[39m
[31m    at async Role.create (E:\Self Project\Finance-Management-System\node-server\node_modules\sequelize\lib\model.js:1362:12)[39m
[31m    at async BaseController.create (file:///E:/Self%20Project/Finance-Management-System/node-server/bases/BaseController.js:78:12)[39m
[31m    at async file:///E:/Self%20Project/Finance-Management-System/node-server/controllers/v1/roleController.js:35:15[39m
2026-02-04 01:39:16:3916 [31merror[39m: [31mSequelizeUniqueConstraintError: Validation error [39m
[31mStack: Error[39m
[31m    at Query.run (E:\Self Project\Finance-Management-System\node-server\node_modules\sequelize\lib\dialects\postgres\query.js:50:25)[39m
[31m    at E:\Self Project\Finance-Management-System\node-server\node_modules\sequelize\lib\sequelize.js:315:28[39m
[31m    at process.processTicksAndRejections (node:internal/process/task_queues:105:5)[39m
[31m    at async PostgresQueryInterface.insert (E:\Self Project\Finance-Management-System\node-server\node_modules\sequelize\lib\dialects\abstract\query-interface.js:308:21)[39m
[31m    at async Roles.save (E:\Self Project\Finance-Management-System\node-server\node_modules\sequelize\lib\model.js:2490:35)[39m
[31m    at async Role.create (E:\Self Project\Finance-Management-System\node-server\node_modules\sequelize\lib\model.js:1362:12)[39m
[31m    at async BaseController.create (file:///E:/Self%20Project/Finance-Management-System/node-server/bases/BaseController.js:78:12)[39m
[31m    at async file:///E:/Self%20Project/Finance-Management-System/node-server/controllers/v1/roleController.js:35:15[39m
2026-02-04 10:52:27:5227 [31merror[39m: [31mSequelizeDatabaseError: null value in column "role_id" of relation "role_has_permissions" violates not-null constraint [39m
[31mStack: Error[39m
[31m    at Query.run (E:\Self Project\Finance-Management-System\node-server\node_modules\sequelize\lib\dialects\postgres\query.js:50:25)[39m
[31m    at E:\Self Project\Finance-Management-System\node-server\node_modules\sequelize\lib\sequelize.js:315:28[39m
[31m    at process.processTicksAndRejections (node:internal/process/task_queues:105:5)[39m
[31m    at async PostgresQueryInterface.bulkInsert (E:\Self Project\Finance-Management-System\node-server\node_modules\sequelize\lib\dialects\abstract\query-interface.js:346:21)[39m
[31m    at async recursiveBulkCreate (E:\Self Project\Finance-Management-System\node-server\node_modules\sequelize\lib\model.js:1697:25)[39m
[31m    at async RoleHasPermission.bulkCreate (E:\Self Project\Finance-Management-System\node-server\node_modules\sequelize\lib\model.js:1786:12)[39m
[31m    at async file:///E:/Self%20Project/Finance-Management-System/node-server/controllers/v1/roleController.js:65:32[39m
[31m    at async E:\Self Project\Finance-Management-System\node-server\node_modules\sequelize\lib\sequelize.js:507:18[39m
[31m    at async file:///E:/Self%20Project/Finance-Management-System/node-server/controllers/v1/roleController.js:49:18[39m
2026-02-04 10:53:47:5347 [31merror[39m: [31mSequelizeDatabaseError: null value in column "role_id" of relation "role_has_permissions" violates not-null constraint [39m
[31mStack: Error[39m
[31m    at Query.run (E:\Self Project\Finance-Management-System\node-server\node_modules\sequelize\lib\dialects\postgres\query.js:50:25)[39m
[31m    at E:\Self Project\Finance-Management-System\node-server\node_modules\sequelize\lib\sequelize.js:315:28[39m
[31m    at process.processTicksAndRejections (node:internal/process/task_queues:105:5)[39m
[31m    at async PostgresQueryInterface.bulkInsert (E:\Self Project\Finance-Management-System\node-server\node_modules\sequelize\lib\dialects\abstract\query-interface.js:346:21)[39m
[31m    at async recursiveBulkCreate (E:\Self Project\Finance-Management-System\node-server\node_modules\sequelize\lib\model.js:1697:25)[39m
[31m    at async RoleHasPermission.bulkCreate (E:\Self Project\Finance-Management-System\node-server\node_modules\sequelize\lib\model.js:1786:12)[39m
[31m    at async file:///E:/Self%20Project/Finance-Management-System/node-server/controllers/v1/roleController.js:65:32[39m
[31m    at async E:\Self Project\Finance-Management-System\node-server\node_modules\sequelize\lib\sequelize.js:507:18[39m
[31m    at async file:///E:/Self%20Project/Finance-Management-System/node-server/controllers/v1/roleController.js:49:18[39m
2026-02-04 10:54:51:5451 [31merror[39m: [31mSequelizeDatabaseError: null value in column "role_id" of relation "role_has_permissions" violates not-null constraint [39m
[31mStack: Error[39m
[31m    at Query.run (E:\Self Project\Finance-Management-System\node-server\node_modules\sequelize\lib\dialects\postgres\query.js:50:25)[39m
[31m    at E:\Self Project\Finance-Management-System\node-server\node_modules\sequelize\lib\sequelize.js:315:28[39m
[31m    at process.processTicksAndRejections (node:internal/process/task_queues:105:5)[39m
[31m    at async PostgresQueryInterface.bulkInsert (E:\Self Project\Finance-Management-System\node-server\node_modules\sequelize\lib\dialects\abstract\query-interface.js:346:21)[39m
[31m    at async recursiveBulkCreate (E:\Self Project\Finance-Management-System\node-server\node_modules\sequelize\lib\model.js:1697:25)[39m
[31m    at async RoleHasPermission.bulkCreate (E:\Self Project\Finance-Management-System\node-server\node_modules\sequelize\lib\model.js:1786:12)[39m
[31m    at async file:///E:/Self%20Project/Finance-Management-System/node-server/controllers/v1/roleController.js:65:32[39m
[31m    at async E:\Self Project\Finance-Management-System\node-server\node_modules\sequelize\lib\sequelize.js:507:18[39m
[31m    at async file:///E:/Self%20Project/Finance-Management-System/node-server/controllers/v1/roleController.js:49:18[39m
2026-02-04 10:55:20:5520 [31merror[39m: [31mSequelizeDatabaseError: null value in column "role_id" of relation "role_has_permissions" violates not-null constraint [39m
[31mStack: Error[39m
[31m    at Query.run (E:\Self Project\Finance-Management-System\node-server\node_modules\sequelize\lib\dialects\postgres\query.js:50:25)[39m
[31m    at E:\Self Project\Finance-Management-System\node-server\node_modules\sequelize\lib\sequelize.js:315:28[39m
[31m    at process.processTicksAndRejections (node:internal/process/task_queues:105:5)[39m
[31m    at async PostgresQueryInterface.bulkInsert (E:\Self Project\Finance-Management-System\node-server\node_modules\sequelize\lib\dialects\abstract\query-interface.js:346:21)[39m
[31m    at async recursiveBulkCreate (E:\Self Project\Finance-Management-System\node-server\node_modules\sequelize\lib\model.js:1697:25)[39m
[31m    at async RoleHasPermission.bulkCreate (E:\Self Project\Finance-Management-System\node-server\node_modules\sequelize\lib\model.js:1786:12)[39m
[31m    at async file:///E:/Self%20Project/Finance-Management-System/node-server/controllers/v1/roleController.js:65:32[39m
[31m    at async E:\Self Project\Finance-Management-System\node-server\node_modules\sequelize\lib\sequelize.js:507:18[39m
[31m    at async file:///E:/Self%20Project/Finance-Management-System/node-server/controllers/v1/roleController.js:49:18[39m
2026-02-04 10:55:43:5543 [31merror[39m: [31mSequelizeDatabaseError: null value in column "role_id" of relation "role_has_permissions" violates not-null constraint [39m
[31mStack: Error[39m
[31m    at Query.run (E:\Self Project\Finance-Management-System\node-server\node_modules\sequelize\lib\dialects\postgres\query.js:50:25)[39m
[31m    at E:\Self Project\Finance-Management-System\node-server\node_modules\sequelize\lib\sequelize.js:315:28[39m
[31m    at process.processTicksAndRejections (node:internal/process/task_queues:105:5)[39m
[31m    at async PostgresQueryInterface.bulkInsert (E:\Self Project\Finance-Management-System\node-server\node_modules\sequelize\lib\dialects\abstract\query-interface.js:346:21)[39m
[31m    at async recursiveBulkCreate (E:\Self Project\Finance-Management-System\node-server\node_modules\sequelize\lib\model.js:1697:25)[39m
[31m    at async RoleHasPermission.bulkCreate (E:\Self Project\Finance-Management-System\node-server\node_modules\sequelize\lib\model.js:1786:12)[39m
[31m    at async file:///E:/Self%20Project/Finance-Management-System/node-server/controllers/v1/roleController.js:65:32[39m
[31m    at async E:\Self Project\Finance-Management-System\node-server\node_modules\sequelize\lib\sequelize.js:507:18[39m
[31m    at async file:///E:/Self%20Project/Finance-Management-System/node-server/controllers/v1/roleController.js:49:18[39m
2026-02-04 10:58:34:5834 [31merror[39m: [31mSequelizeDatabaseError: null value in column "role_id" of relation "role_has_permissions" violates not-null constraint [39m
[31mStack: Error[39m
[31m    at Query.run (E:\Self Project\Finance-Management-System\node-server\node_modules\sequelize\lib\dialects\postgres\query.js:50:25)[39m
[31m    at E:\Self Project\Finance-Management-System\node-server\node_modules\sequelize\lib\sequelize.js:315:28[39m
[31m    at process.processTicksAndRejections (node:internal/process/task_queues:105:5)[39m
[31m    at async PostgresQueryInterface.bulkInsert (E:\Self Project\Finance-Management-System\node-server\node_modules\sequelize\lib\dialects\abstract\query-interface.js:346:21)[39m
[31m    at async recursiveBulkCreate (E:\Self Project\Finance-Management-System\node-server\node_modules\sequelize\lib\model.js:1697:25)[39m
[31m    at async RoleHasPermission.bulkCreate (E:\Self Project\Finance-Management-System\node-server\node_modules\sequelize\lib\model.js:1786:12)[39m
[31m    at async file:///E:/Self%20Project/Finance-Management-System/node-server/controllers/v1/roleController.js:65:32[39m
[31m    at async E:\Self Project\Finance-Management-System\node-server\node_modules\sequelize\lib\sequelize.js:507:18[39m
[31m    at async file:///E:/Self%20Project/Finance-Management-System/node-server/controllers/v1/roleController.js:49:18[39m
2026-02-04 11:21:51:2151 [31merror[39m: [31mSequelizeDatabaseError: null value in column "role_id" of relation "role_has_permissions" violates not-null constraint [39m
[31mStack: Error[39m
[31m    at Query.run (E:\Self Project\Finance-Management-System\node-server\node_modules\sequelize\lib\dialects\postgres\query.js:50:25)[39m
[31m    at E:\Self Project\Finance-Management-System\node-server\node_modules\sequelize\lib\sequelize.js:315:28[39m
[31m    at process.processTicksAndRejections (node:internal/process/task_queues:105:5)[39m
[31m    at async PostgresQueryInterface.bulkInsert (E:\Self Project\Finance-Management-System\node-server\node_modules\sequelize\lib\dialects\abstract\query-interface.js:346:21)[39m
[31m    at async recursiveBulkCreate (E:\Self Project\Finance-Management-System\node-server\node_modules\sequelize\lib\model.js:1697:25)[39m
[31m    at async RoleHasPermission.bulkCreate (E:\Self Project\Finance-Management-System\node-server\node_modules\sequelize\lib\model.js:1786:12)[39m
[31m    at async file:///E:/Self%20Project/Finance-Management-System/node-server/controllers/v1/roleController.js:98:5[39m
[31m    at async E:\Self Project\Finance-Management-System\node-server\node_modules\sequelize\lib\sequelize.js:507:18[39m
[31m    at async file:///E:/Self%20Project/Finance-Management-System/node-server/controllers/v1/roleController.js:84:3[39m
2026-02-04 11:24:42:2442 [31merror[39m: [31mTypeError: RoleHasPermission.bodyExist is not a function [39m
[31mStack: TypeError: RoleHasPermission.bodyExist is not a function[39m
[31m    at file:///E:/Self%20Project/Finance-Management-System/node-server/controllers/v1/roleController.js:82:21[39m
[31m    at file:///E:/Self%20Project/Finance-Management-System/node-server/utils/AsyncHelper/Async.js:3:25[39m
[31m    at Layer.handleRequest (E:\Self Project\Finance-Management-System\node-server\node_modules\router\lib\layer.js:152:17)[39m
[31m    at next (E:\Self Project\Finance-Management-System\node-server\node_modules\router\lib\route.js:157:13)[39m
[31m    at Route.dispatch (E:\Self Project\Finance-Management-System\node-server\node_modules\router\lib\route.js:117:3)[39m
[31m    at handle (E:\Self Project\Finance-Management-System\node-server\node_modules\router\index.js:435:11)[39m
[31m    at Layer.handleRequest (E:\Self Project\Finance-Management-System\node-server\node_modules\router\lib\layer.js:152:17)[39m
[31m    at E:\Self Project\Finance-Management-System\node-server\node_modules\router\index.js:295:15[39m
[31m    at param (E:\Self Project\Finance-Management-System\node-server\node_modules\router\index.js:600:14)[39m
[31m    at param (E:\Self Project\Finance-Management-System\node-server\node_modules\router\index.js:610:14)[39m
2026-02-04 11:27:41:2741 [31merror[39m: [31mError: WHERE parameter "role_id" has invalid "undefined" value [39m
[31mStack: Error: WHERE parameter "role_id" has invalid "undefined" value[39m
[31m    at PostgresQueryGenerator.whereItemQuery (E:\Self Project\Finance-Management-System\node-server\node_modules\sequelize\lib\dialects\abstract\query-generator.js:1746:13)[39m
[31m    at E:\Self Project\Finance-Management-System\node-server\node_modules\sequelize\lib\dialects\abstract\query-generator.js:1737:25[39m
[31m    at Array.forEach (<anonymous>)[39m
[31m    at PostgresQueryGenerator.whereItemsQuery (E:\Self Project\Finance-Management-System\node-server\node_modules\sequelize\lib\dialects\abstract\query-generator.js:1735:35)[39m
[31m    at PostgresQueryGenerator.getWhereConditions (E:\Self Project\Finance-Management-System\node-server\node_modules\sequelize\lib\dialects\abstract\query-generator.js:2078:19)[39m
[31m    at PostgresQueryGenerator.deleteQuery (E:\Self Project\Finance-Management-System\node-server\node_modules\sequelize\lib\dialects\postgres\query-generator.js:269:28)[39m
[31m    at PostgresQueryInterface.bulkDelete (E:\Self Project\Finance-Management-System\node-server\node_modules\sequelize\lib\dialects\abstract\query-interface.js:403:59)[39m
[31m    at RoleHasPermission.destroy (E:\Self Project\Finance-Management-System\node-server\node_modules\sequelize\lib\model.js:1838:42)[39m
[31m    at process.processTicksAndRejections (node:internal/process/task_queues:105:5)[39m
[31m    at async file:///E:/Self%20Project/Finance-Management-System/node-server/controllers/v1/roleController.js:90:5[39m
2026-02-04 11:28:19:2819 [31merror[39m: [31mError: WHERE parameter "role_id" has invalid "undefined" value [39m
[31mStack: Error: WHERE parameter "role_id" has invalid "undefined" value[39m
[31m    at PostgresQueryGenerator.whereItemQuery (E:\Self Project\Finance-Management-System\node-server\node_modules\sequelize\lib\dialects\abstract\query-generator.js:1746:13)[39m
[31m    at E:\Self Project\Finance-Management-System\node-server\node_modules\sequelize\lib\dialects\abstract\query-generator.js:1737:25[39m
[31m    at Array.forEach (<anonymous>)[39m
[31m    at PostgresQueryGenerator.whereItemsQuery (E:\Self Project\Finance-Management-System\node-server\node_modules\sequelize\lib\dialects\abstract\query-generator.js:1735:35)[39m
[31m    at PostgresQueryGenerator.getWhereConditions (E:\Self Project\Finance-Management-System\node-server\node_modules\sequelize\lib\dialects\abstract\query-generator.js:2078:19)[39m
[31m    at PostgresQueryGenerator.deleteQuery (E:\Self Project\Finance-Management-System\node-server\node_modules\sequelize\lib\dialects\postgres\query-generator.js:269:28)[39m
[31m    at PostgresQueryInterface.bulkDelete (E:\Self Project\Finance-Management-System\node-server\node_modules\sequelize\lib\dialects\abstract\query-interface.js:403:59)[39m
[31m    at RoleHasPermission.destroy (E:\Self Project\Finance-Management-System\node-server\node_modules\sequelize\lib\model.js:1838:42)[39m
[31m    at process.processTicksAndRejections (node:internal/process/task_queues:105:5)[39m
[31m    at async file:///E:/Self%20Project/Finance-Management-System/node-server/controllers/v1/roleController.js:90:5[39m
2026-02-04 11:28:59:2859 [31merror[39m: [31mSequelizeDatabaseError: null value in column "role_id" of relation "role_has_permissions" violates not-null constraint [39m
[31mStack: Error[39m
[31m    at Query.run (E:\Self Project\Finance-Management-System\node-server\node_modules\sequelize\lib\dialects\postgres\query.js:50:25)[39m
[31m    at E:\Self Project\Finance-Management-System\node-server\node_modules\sequelize\lib\sequelize.js:315:28[39m
[31m    at process.processTicksAndRejections (node:internal/process/task_queues:105:5)[39m
[31m    at async PostgresQueryInterface.bulkInsert (E:\Self Project\Finance-Management-System\node-server\node_modules\sequelize\lib\dialects\abstract\query-interface.js:346:21)[39m
[31m    at async recursiveBulkCreate (E:\Self Project\Finance-Management-System\node-server\node_modules\sequelize\lib\model.js:1697:25)[39m
[31m    at async RoleHasPermission.bulkCreate (E:\Self Project\Finance-Management-System\node-server\node_modules\sequelize\lib\model.js:1786:12)[39m
[31m    at async BaseController.bulkCreate (file:///E:/Self%20Project/Finance-Management-System/node-server/bases/BaseController.js:167:12)[39m
[31m    at async file:///E:/Self%20Project/Finance-Management-System/node-server/controllers/v1/roleController.js:102:5[39m
[31m    at async E:\Self Project\Finance-Management-System\node-server\node_modules\sequelize\lib\sequelize.js:507:18[39m
[31m    at async file:///E:/Self%20Project/Finance-Management-System/node-server/controllers/v1/roleController.js:88:3[39m
2026-02-04 11:33:45:3345 [31merror[39m: [31m❌ Error seeding modules: column "deleted_at" does not exist[39m
2026-02-04 11:34:38:3438 [31merror[39m: [31m❌ Error seeding modules: column "deleted_at" does not exist[39m
2026-02-04 11:35:50:3550 [31merror[39m: [31m❌ Error seeding modules: column "deleted_at" does not exist[39m
2026-02-04 11:35:54:3554 [31merror[39m: [31m❌ Error seeding modules: column "deleted_at" does not exist[39m
2026-02-04 11:36:11:3611 [31merror[39m: [31m❌ Error seeding modules: column "deleted_at" does not exist[39m
2026-02-04 11:36:21:3621 [31merror[39m: [31m❌ Error seeding modules: column "deleted_at" does not exist[39m
2026-02-04 11:36:28:3628 [31merror[39m: [31m❌ Error seeding modules: column "deleted_at" does not exist[39m
2026-02-04 11:39:34:3934 [31merror[39m: [31m❌ Error seeding modules: column "deleted_at" does not exist[39m
2026-02-05 23:07:32:732 [31merror[39m: [31m❌ Error seeding modules: column "deleted_at" does not exist[39m
2026-02-06 01:24:05:245 [31merror[39m: [31mTypeError: Cannot read properties of undefined (reading 'filter') [39m
[31mStack: TypeError: Cannot read properties of undefined (reading 'filter')[39m
[31m    at BaseController.requireFields (file:///E:/Self%20Project/Finance-Management-System/node-server/bases/BaseController.js:22:28)[39m
[31m    at file:///E:/Self%20Project/Finance-Management-System/node-server/controllers/v1/userController.js:10:20[39m
[31m    at file:///E:/Self%20Project/Finance-Management-System/node-server/utils/AsyncHelper/Async.js:3:25[39m
[31m    at Layer.handleRequest (E:\Self Project\Finance-Management-System\node-server\node_modules\router\lib\layer.js:152:17)[39m
[31m    at next (E:\Self Project\Finance-Management-System\node-server\node_modules\router\lib\route.js:157:13)[39m
[31m    at Route.dispatch (E:\Self Project\Finance-Management-System\node-server\node_modules\router\lib\route.js:117:3)[39m
[31m    at handle (E:\Self Project\Finance-Management-System\node-server\node_modules\router\index.js:435:11)[39m
[31m    at Layer.handleRequest (E:\Self Project\Finance-Management-System\node-server\node_modules\router\lib\layer.js:152:17)[39m
[31m    at E:\Self Project\Finance-Management-System\node-server\node_modules\router\index.js:295:15[39m
[31m    at processParams (E:\Self Project\Finance-Management-System\node-server\node_modules\router\index.js:582:12)[39m
2026-02-06 01:27:50:2750 [31merror[39m: [31mSequelizeValidationError: notNull Violation: User.id cannot be null [39m
[31mStack: SequelizeValidationError: notNull Violation: User.id cannot be null[39m
[31m    at InstanceValidator._validate (E:\Self Project\Finance-Management-System\node-server\node_modules\sequelize\lib\instance-validator.js:50:13)[39m
[31m    at process.processTicksAndRejections (node:internal/process/task_queues:105:5)[39m
[31m    at async InstanceValidator._validateAndRunHooks (E:\Self Project\Finance-Management-System\node-server\node_modules\sequelize\lib\instance-validator.js:60:7)[39m
[31m    at async InstanceValidator.validate (E:\Self Project\Finance-Management-System\node-server\node_modules\sequelize\lib\instance-validator.js:54:12)[39m
[31m    at async User.save (E:\Self Project\Finance-Management-System\node-server\node_modules\sequelize\lib\model.js:2426:7)[39m
[31m    at async User.create (E:\Self Project\Finance-Management-System\node-server\node_modules\sequelize\lib\model.js:1362:12)[39m
[31m    at async BaseController.create (file:///E:/Self%20Project/Finance-Management-System/node-server/bases/BaseController.js:78:12)[39m
[31m    at async file:///E:/Self%20Project/Finance-Management-System/node-server/controllers/v1/userController.js:17:18[39m
2026-02-06 01:29:40:2940 [31merror[39m: [31mReferenceError: sendResponse is not defined [39m
[31mStack: ReferenceError: sendResponse is not defined[39m
[31m    at file:///E:/Self%20Project/Finance-Management-System/node-server/controllers/v1/userController.js:18:3[39m
[31m    at process.processTicksAndRejections (node:internal/process/task_queues:105:5)[39m
2026-02-06 01:30:09:309 [31merror[39m: [31mAlreadyExist: errors.already_exists [39m
[31mStack: AlreadyExist: errors.already_exists[39m
[31m    at BaseController.alreadyExist (file:///E:/Self%20Project/Finance-Management-System/node-server/bases/BaseController.js:72:13)[39m
[31m    at process.processTicksAndRejections (node:internal/process/task_queues:105:5)[39m
[31m    at async file:///E:/Self%20Project/Finance-Management-System/node-server/controllers/v1/userController.js:16:3[39m
2026-02-06 01:30:46:3046 [31merror[39m: [31mReferenceError: StatusCodes is not defined [39m
[31mStack: ReferenceError: StatusCodes is not defined[39m
[31m    at file:///E:/Self%20Project/Finance-Management-System/node-server/controllers/v1/userController.js:19:28[39m
[31m    at process.processTicksAndRejections (node:internal/process/task_queues:105:5)[39m
2026-02-06 01:31:19:3119 [31merror[39m: [31mAlreadyExist: errors.already_exists [39m
[31mStack: AlreadyExist: errors.already_exists[39m
[31m    at BaseController.alreadyExist (file:///E:/Self%20Project/Finance-Management-System/node-server/bases/BaseController.js:72:13)[39m
[31m    at process.processTicksAndRejections (node:internal/process/task_queues:105:5)[39m
[31m    at async file:///E:/Self%20Project/Finance-Management-System/node-server/controllers/v1/userController.js:17:3[39m
2026-02-06 01:32:11:3211 [31merror[39m: [31mBadRequestError: errors.validation_error [39m
[31mStack: BadRequestError: errors.validation_error[39m
[31m    at BaseController.requireFields (file:///E:/Self%20Project/Finance-Management-System/node-server/bases/BaseController.js:26:13)[39m
[31m    at file:///E:/Self%20Project/Finance-Management-System/node-server/controllers/v1/userController.js:12:20[39m
[31m    at file:///E:/Self%20Project/Finance-Management-System/node-server/utils/AsyncHelper/Async.js:3:25[39m
[31m    at Layer.handleRequest (E:\Self Project\Finance-Management-System\node-server\node_modules\router\lib\layer.js:152:17)[39m
[31m    at next (E:\Self Project\Finance-Management-System\node-server\node_modules\router\lib\route.js:157:13)[39m
[31m    at Route.dispatch (E:\Self Project\Finance-Management-System\node-server\node_modules\router\lib\route.js:117:3)[39m
[31m    at handle (E:\Self Project\Finance-Management-System\node-server\node_modules\router\index.js:435:11)[39m
[31m    at Layer.handleRequest (E:\Self Project\Finance-Management-System\node-server\node_modules\router\lib\layer.js:152:17)[39m
[31m    at E:\Self Project\Finance-Management-System\node-server\node_modules\router\index.js:295:15[39m
[31m    at processParams (E:\Self Project\Finance-Management-System\node-server\node_modules\router\index.js:582:12)[39m
2026-02-06 01:33:20:3320 [31merror[39m: [31mBadRequestError: errors.validation_error [39m
[31mStack: BadRequestError: errors.validation_error[39m
[31m    at BaseController.requireFields (file:///E:/Self%20Project/Finance-Management-System/node-server/bases/BaseController.js:26:13)[39m
[31m    at file:///E:/Self%20Project/Finance-Management-System/node-server/controllers/v1/userController.js:12:20[39m
[31m    at file:///E:/Self%20Project/Finance-Management-System/node-server/utils/AsyncHelper/Async.js:3:25[39m
[31m    at Layer.handleRequest (E:\Self Project\Finance-Management-System\node-server\node_modules\router\lib\layer.js:152:17)[39m
[31m    at next (E:\Self Project\Finance-Management-System\node-server\node_modules\router\lib\route.js:157:13)[39m
[31m    at Route.dispatch (E:\Self Project\Finance-Management-System\node-server\node_modules\router\lib\route.js:117:3)[39m
[31m    at handle (E:\Self Project\Finance-Management-System\node-server\node_modules\router\index.js:435:11)[39m
[31m    at Layer.handleRequest (E:\Self Project\Finance-Management-System\node-server\node_modules\router\lib\layer.js:152:17)[39m
[31m    at E:\Self Project\Finance-Management-System\node-server\node_modules\router\index.js:295:15[39m
[31m    at processParams (E:\Self Project\Finance-Management-System\node-server\node_modules\router\index.js:582:12)[39m
2026-02-06 01:34:18:3418 [31merror[39m: [31mBadRequestError: errors.validation_error [39m
[31mStack: BadRequestError: errors.validation_error[39m
[31m    at BaseController.requireFields (file:///E:/Self%20Project/Finance-Management-System/node-server/bases/BaseController.js:26:13)[39m
[31m    at file:///E:/Self%20Project/Finance-Management-System/node-server/controllers/v1/userController.js:12:20[39m
[31m    at file:///E:/Self%20Project/Finance-Management-System/node-server/utils/AsyncHelper/Async.js:3:25[39m
[31m    at Layer.handleRequest (E:\Self Project\Finance-Management-System\node-server\node_modules\router\lib\layer.js:152:17)[39m
[31m    at next (E:\Self Project\Finance-Management-System\node-server\node_modules\router\lib\route.js:157:13)[39m
[31m    at Route.dispatch (E:\Self Project\Finance-Management-System\node-server\node_modules\router\lib\route.js:117:3)[39m
[31m    at handle (E:\Self Project\Finance-Management-System\node-server\node_modules\router\index.js:435:11)[39m
[31m    at Layer.handleRequest (E:\Self Project\Finance-Management-System\node-server\node_modules\router\lib\layer.js:152:17)[39m
[31m    at E:\Self Project\Finance-Management-System\node-server\node_modules\router\index.js:295:15[39m
[31m    at processParams (E:\Self Project\Finance-Management-System\node-server\node_modules\router\index.js:582:12)[39m
2026-02-06 01:37:40:3740 [31merror[39m: [31mBadRequestError: errors.validation_error [39m
[31mStack: BadRequestError: errors.validation_error[39m
[31m    at BaseController.requireFields (file:///E:/Self%20Project/Finance-Management-System/node-server/bases/BaseController.js:26:13)[39m
[31m    at file:///E:/Self%20Project/Finance-Management-System/node-server/controllers/v1/userController.js:12:20[39m
[31m    at file:///E:/Self%20Project/Finance-Management-System/node-server/utils/AsyncHelper/Async.js:3:25[39m
[31m    at Layer.handleRequest (E:\Self Project\Finance-Management-System\node-server\node_modules\router\lib\layer.js:152:17)[39m
[31m    at next (E:\Self Project\Finance-Management-System\node-server\node_modules\router\lib\route.js:157:13)[39m
[31m    at Route.dispatch (E:\Self Project\Finance-Management-System\node-server\node_modules\router\lib\route.js:117:3)[39m
[31m    at handle (E:\Self Project\Finance-Management-System\node-server\node_modules\router\index.js:435:11)[39m
[31m    at Layer.handleRequest (E:\Self Project\Finance-Management-System\node-server\node_modules\router\lib\layer.js:152:17)[39m
[31m    at E:\Self Project\Finance-Management-System\node-server\node_modules\router\index.js:295:15[39m
[31m    at processParams (E:\Self Project\Finance-Management-System\node-server\node_modules\router\index.js:582:12)[39m
2026-02-06 01:37:45:3745 [31merror[39m: [31mBadRequestError: errors.validation_error [39m
[31mStack: BadRequestError: errors.validation_error[39m
[31m    at BaseController.requireFields (file:///E:/Self%20Project/Finance-Management-System/node-server/bases/BaseController.js:26:13)[39m
[31m    at file:///E:/Self%20Project/Finance-Management-System/node-server/controllers/v1/userController.js:12:20[39m
[31m    at file:///E:/Self%20Project/Finance-Management-System/node-server/utils/AsyncHelper/Async.js:3:25[39m
[31m    at Layer.handleRequest (E:\Self Project\Finance-Management-System\node-server\node_modules\router\lib\layer.js:152:17)[39m
[31m    at next (E:\Self Project\Finance-Management-System\node-server\node_modules\router\lib\route.js:157:13)[39m
[31m    at Route.dispatch (E:\Self Project\Finance-Management-System\node-server\node_modules\router\lib\route.js:117:3)[39m
[31m    at handle (E:\Self Project\Finance-Management-System\node-server\node_modules\router\index.js:435:11)[39m
[31m    at Layer.handleRequest (E:\Self Project\Finance-Management-System\node-server\node_modules\router\lib\layer.js:152:17)[39m
[31m    at E:\Self Project\Finance-Management-System\node-server\node_modules\router\index.js:295:15[39m
[31m    at processParams (E:\Self Project\Finance-Management-System\node-server\node_modules\router\index.js:582:12)[39m
2026-02-06 01:37:49:3749 [31merror[39m: [31mBadRequestError: errors.validation_error [39m
[31mStack: BadRequestError: errors.validation_error[39m
[31m    at BaseController.requireFields (file:///E:/Self%20Project/Finance-Management-System/node-server/bases/BaseController.js:26:13)[39m
[31m    at file:///E:/Self%20Project/Finance-Management-System/node-server/controllers/v1/userController.js:12:20[39m
[31m    at file:///E:/Self%20Project/Finance-Management-System/node-server/utils/AsyncHelper/Async.js:3:25[39m
[31m    at Layer.handleRequest (E:\Self Project\Finance-Management-System\node-server\node_modules\router\lib\layer.js:152:17)[39m
[31m    at next (E:\Self Project\Finance-Management-System\node-server\node_modules\router\lib\route.js:157:13)[39m
[31m    at Route.dispatch (E:\Self Project\Finance-Management-System\node-server\node_modules\router\lib\route.js:117:3)[39m
[31m    at handle (E:\Self Project\Finance-Management-System\node-server\node_modules\router\index.js:435:11)[39m
[31m    at Layer.handleRequest (E:\Self Project\Finance-Management-System\node-server\node_modules\router\lib\layer.js:152:17)[39m
[31m    at E:\Self Project\Finance-Management-System\node-server\node_modules\router\index.js:295:15[39m
[31m    at processParams (E:\Self Project\Finance-Management-System\node-server\node_modules\router\index.js:582:12)[39m
2026-02-06 01:37:54:3754 [31merror[39m: [31mAlreadyExist: errors.already_exists [39m
[31mStack: AlreadyExist: errors.already_exists[39m
[31m    at BaseController.alreadyExist (file:///E:/Self%20Project/Finance-Management-System/node-server/bases/BaseController.js:72:13)[39m
[31m    at process.processTicksAndRejections (node:internal/process/task_queues:105:5)[39m
[31m    at async file:///E:/Self%20Project/Finance-Management-System/node-server/controllers/v1/userController.js:17:3[39m
2026-02-06 19:45:42:4542 [31merror[39m: [31mAlreadyExist: errors.already_exists [39m
[31mStack: AlreadyExist: errors.already_exists[39m
[31m    at BaseController.alreadyExist (file:///E:/Self%20Project/Finance-Management-System/node-server/bases/BaseController.js:72:13)[39m
[31m    at process.processTicksAndRejections (node:internal/process/task_queues:105:5)[39m
[31m    at async file:///E:/Self%20Project/Finance-Management-System/node-server/controllers/v1/userController.js:17:3[39m
2026-02-06 19:46:33:4633 [31merror[39m: [31mSequelizeForeignKeyConstraintError: insert or update on table "users" violates foreign key constraint "users_role_id_fkey" [39m
[31mStack: Error[39m
[31m    at Query.run (E:\Self Project\Finance-Management-System\node-server\node_modules\sequelize\lib\dialects\postgres\query.js:50:25)[39m
[31m    at E:\Self Project\Finance-Management-System\node-server\node_modules\sequelize\lib\sequelize.js:315:28[39m
[31m    at process.processTicksAndRejections (node:internal/process/task_queues:105:5)[39m
[31m    at async PostgresQueryInterface.insert (E:\Self Project\Finance-Management-System\node-server\node_modules\sequelize\lib\dialects\abstract\query-interface.js:308:21)[39m
[31m    at async User.save (E:\Self Project\Finance-Management-System\node-server\node_modules\sequelize\lib\model.js:2490:35)[39m
[31m    at async User.create (E:\Self Project\Finance-Management-System\node-server\node_modules\sequelize\lib\model.js:1362:12)[39m
[31m    at async BaseController.create (file:///E:/Self%20Project/Finance-Management-System/node-server/bases/BaseController.js:78:12)[39m
[31m    at async file:///E:/Self%20Project/Finance-Management-System/node-server/controllers/v1/userController.js:19:18[39m
2026-02-06 20:07:23:723 [31merror[39m: [31mReferenceError: UserSettings is not defined [39m
[31mStack: ReferenceError: UserSettings is not defined[39m
[31m    at file:///E:/Self%20Project/Finance-Management-System/node-server/controllers/v1/userController.js:29:9[39m
[31m    at file:///E:/Self%20Project/Finance-Management-System/node-server/utils/AsyncHelper/Async.js:3:25[39m
[31m    at Layer.handleRequest (E:\Self Project\Finance-Management-System\node-server\node_modules\router\lib\layer.js:152:17)[39m
[31m    at next (E:\Self Project\Finance-Management-System\node-server\node_modules\router\lib\route.js:157:13)[39m
[31m    at Route.dispatch (E:\Self Project\Finance-Management-System\node-server\node_modules\router\lib\route.js:117:3)[39m
[31m    at handle (E:\Self Project\Finance-Management-System\node-server\node_modules\router\index.js:435:11)[39m
[31m    at Layer.handleRequest (E:\Self Project\Finance-Management-System\node-server\node_modules\router\lib\layer.js:152:17)[39m
[31m    at E:\Self Project\Finance-Management-System\node-server\node_modules\router\index.js:295:15[39m
[31m    at param (E:\Self Project\Finance-Management-System\node-server\node_modules\router\index.js:600:14)[39m
[31m    at param (E:\Self Project\Finance-Management-System\node-server\node_modules\router\index.js:610:14)[39m
2026-02-06 20:11:52:1152 [31merror[39m: [31mSequelizeDatabaseError: column "deleted_at" does not exist [39m
[31mStack: Error[39m
[31m    at Query.run (E:\Self Project\Finance-Management-System\node-server\node_modules\sequelize\lib\dialects\postgres\query.js:50:25)[39m
[31m    at E:\Self Project\Finance-Management-System\node-server\node_modules\sequelize\lib\sequelize.js:315:28[39m
[31m    at process.processTicksAndRejections (node:internal/process/task_queues:105:5)[39m
[31m    at async PostgresQueryInterface.select (E:\Self Project\Finance-Management-System\node-server\node_modules\sequelize\lib\dialects\abstract\query-interface.js:407:12)[39m
[31m    at async UserSettings.findAll (E:\Self Project\Finance-Management-System\node-server\node_modules\sequelize\lib\model.js:1140:21)[39m
[31m    at async UserSettings.findOne (E:\Self Project\Finance-Management-System\node-server\node_modules\sequelize\lib\model.js:1240:12)[39m
[31m    at async Promise.all (index 1)[39m
[31m    at async file:///E:/Self%20Project/Finance-Management-System/node-server/controllers/v1/userController.js:74:48[39m
2026-02-07 00:59:37:5937 [31merror[39m: [31mAlreadyExist: errors.already_exists [39m
[31mStack: AlreadyExist: errors.already_exists[39m
[31m    at BaseController.alreadyExist (file:///E:/Self%20Project/Finance-Management-System/node-server/bases/BaseController.js:72:13)[39m
[31m    at process.processTicksAndRejections (node:internal/process/task_queues:105:5)[39m
[31m    at async file:///E:/Self%20Project/Finance-Management-System/node-server/controllers/v1/userController.js:33:5[39m
2026-02-07 01:03:25:325 [31merror[39m: [31mAlreadyExist: errors.already_exists [39m
[31mStack: AlreadyExist: errors.already_exists[39m
[31m    at BaseController.alreadyExist (file:///E:/Self%20Project/Finance-Management-System/node-server/bases/BaseController.js:72:13)[39m
[31m    at process.processTicksAndRejections (node:internal/process/task_queues:105:5)[39m
[31m    at async file:///E:/Self%20Project/Finance-Management-System/node-server/controllers/v1/userController.js:33:5[39m
2026-02-07 01:03:32:332 [31merror[39m: [31mSequelizeDatabaseError: invalid input syntax for type integer: "6aafa248-c2d6-4b7e-a3b7-baf0d8cd236d" [39m
[31mStack: Error[39m
[31m    at Query.run (E:\Self Project\Finance-Management-System\node-server\node_modules\sequelize\lib\dialects\postgres\query.js:50:25)[39m
[31m    at E:\Self Project\Finance-Management-System\node-server\node_modules\sequelize\lib\sequelize.js:315:28[39m
[31m    at process.processTicksAndRejections (node:internal/process/task_queues:105:5)[39m
[31m    at async PostgresQueryInterface.select (E:\Self Project\Finance-Management-System\node-server\node_modules\sequelize\lib\dialects\abstract\query-interface.js:407:12)[39m
[31m    at async UserContact.findAll (E:\Self Project\Finance-Management-System\node-server\node_modules\sequelize\lib\model.js:1140:21)[39m
[31m    at async UserContact.findOne (E:\Self Project\Finance-Management-System\node-server\node_modules\sequelize\lib\model.js:1240:12)[39m
[31m    at async BaseController.findOne (file:///E:/Self%20Project/Finance-Management-System/node-server/bases/BaseController.js:110:20)[39m
[31m    at async file:///E:/Self%20Project/Finance-Management-System/node-server/controllers/v1/userController.js:35:23[39m
2026-02-07 01:04:46:446 [31merror[39m: [31mAlreadyExist: errors.already_exists [39m
[31mStack: AlreadyExist: errors.already_exists[39m
[31m    at BaseController.alreadyExist (file:///E:/Self%20Project/Finance-Management-System/node-server/bases/BaseController.js:72:13)[39m
[31m    at process.processTicksAndRejections (node:internal/process/task_queues:105:5)[39m
[31m    at async file:///E:/Self%20Project/Finance-Management-System/node-server/controllers/v1/userController.js:33:5[39m
2026-02-07 01:05:14:514 [31merror[39m: [31mNotFoundError: errors.not_found [39m
[31mStack: NotFoundError: errors.not_found[39m
[31m    at BaseController.findOne (file:///E:/Self%20Project/Finance-Management-System/node-server/bases/BaseController.js:116:13)[39m
[31m    at process.processTicksAndRejections (node:internal/process/task_queues:105:5)[39m
[31m    at async file:///E:/Self%20Project/Finance-Management-System/node-server/controllers/v1/userController.js:35:23[39m
2026-02-07 01:06:51:651 [31merror[39m: [31mAlreadyExist: errors.already_exists [39m
[31mStack: AlreadyExist: errors.already_exists[39m
[31m    at BaseController.alreadyExist (file:///E:/Self%20Project/Finance-Management-System/node-server/bases/BaseController.js:72:13)[39m
[31m    at process.processTicksAndRejections (node:internal/process/task_queues:105:5)[39m
[31m    at async file:///E:/Self%20Project/Finance-Management-System/node-server/controllers/v1/userController.js:33:5[39m
2026-02-07 01:08:27:827 [31merror[39m: [31mReferenceError: sequelize is not defined [39m
[31mStack: ReferenceError: sequelize is not defined[39m
[31m    at file:///E:/Self%20Project/Finance-Management-System/node-server/controllers/v1/userController.js:54:20[39m
[31m    at file:///E:/Self%20Project/Finance-Management-System/node-server/utils/AsyncHelper/Async.js:3:25[39m
[31m    at Layer.handleRequest (E:\Self Project\Finance-Management-System\node-server\node_modules\router\lib\layer.js:152:17)[39m
[31m    at next (E:\Self Project\Finance-Management-System\node-server\node_modules\router\lib\route.js:157:13)[39m
[31m    at Route.dispatch (E:\Self Project\Finance-Management-System\node-server\node_modules\router\lib\route.js:117:3)[39m
[31m    at handle (E:\Self Project\Finance-Management-System\node-server\node_modules\router\index.js:435:11)[39m
[31m    at Layer.handleRequest (E:\Self Project\Finance-Management-System\node-server\node_modules\router\lib\layer.js:152:17)[39m
[31m    at E:\Self Project\Finance-Management-System\node-server\node_modules\router\index.js:295:15[39m
[31m    at processParams (E:\Self Project\Finance-Management-System\node-server\node_modules\router\index.js:582:12)[39m
[31m    at next (E:\Self Project\Finance-Management-System\node-server\node_modules\router\index.js:291:5)[39m
2026-02-07 01:09:14:914 [31merror[39m: [31mSequelizeValidationError: notNull Violation: Address.addressLine cannot be null [39m
[31mStack: SequelizeValidationError: notNull Violation: Address.addressLine cannot be null[39m
[31m    at InstanceValidator._validate (E:\Self Project\Finance-Management-System\node-server\node_modules\sequelize\lib\instance-validator.js:50:13)[39m
[31m    at process.processTicksAndRejections (node:internal/process/task_queues:105:5)[39m
[31m    at async InstanceValidator._validateAndRunHooks (E:\Self Project\Finance-Management-System\node-server\node_modules\sequelize\lib\instance-validator.js:60:7)[39m
[31m    at async InstanceValidator.validate (E:\Self Project\Finance-Management-System\node-server\node_modules\sequelize\lib\instance-validator.js:54:12)[39m
[31m    at async Address.save (E:\Self Project\Finance-Management-System\node-server\node_modules\sequelize\lib\model.js:2426:7)[39m
[31m    at async Address.create (E:\Self Project\Finance-Management-System\node-server\node_modules\sequelize\lib\model.js:1362:12)[39m
[31m    at async BaseController.create (file:///E:/Self%20Project/Finance-Management-System/node-server/bases/BaseController.js:78:12)[39m
[31m    at async file:///E:/Self%20Project/Finance-Management-System/node-server/controllers/v1/userController.js:57:28[39m
[31m    at async E:\Self Project\Finance-Management-System\node-server\node_modules\sequelize\lib\sequelize.js:507:18[39m
[31m    at async file:///E:/Self%20Project/Finance-Management-System/node-server/controllers/v1/userController.js:55:20[39m
2026-02-07 01:12:01:121 [31merror[39m: [31mSequelizeForeignKeyConstraintError: insert or update on table "addresses" violates foreign key constraint "addresses_country_id_fkey" [39m
[31mStack: Error[39m
[31m    at Query.run (E:\Self Project\Finance-Management-System\node-server\node_modules\sequelize\lib\dialects\postgres\query.js:50:25)[39m
[31m    at E:\Self Project\Finance-Management-System\node-server\node_modules\sequelize\lib\sequelize.js:315:28[39m
[31m    at process.processTicksAndRejections (node:internal/process/task_queues:105:5)[39m
[31m    at async PostgresQueryInterface.insert (E:\Self Project\Finance-Management-System\node-server\node_modules\sequelize\lib\dialects\abstract\query-interface.js:308:21)[39m
[31m    at async Address.save (E:\Self Project\Finance-Management-System\node-server\node_modules\sequelize\lib\model.js:2490:35)[39m
[31m    at async Address.create (E:\Self Project\Finance-Management-System\node-server\node_modules\sequelize\lib\model.js:1362:12)[39m
[31m    at async BaseController.create (file:///E:/Self%20Project/Finance-Management-System/node-server/bases/BaseController.js:78:12)[39m
[31m    at async file:///E:/Self%20Project/Finance-Management-System/node-server/controllers/v1/userController.js:57:28[39m
[31m    at async E:\Self Project\Finance-Management-System\node-server\node_modules\sequelize\lib\sequelize.js:507:18[39m
[31m    at async file:///E:/Self%20Project/Finance-Management-System/node-server/controllers/v1/userController.js:55:20[39m
2026-02-07 01:15:07:157 [31merror[39m: [31mSequelizeDatabaseError: column Country.countryId does not exist [39m
[31mStack: Error[39m
[31m    at Query.run (E:\Self Project\Finance-Management-System\node-server\node_modules\sequelize\lib\dialects\postgres\query.js:50:25)[39m
[31m    at E:\Self Project\Finance-Management-System\node-server\node_modules\sequelize\lib\sequelize.js:315:28[39m
[31m    at process.processTicksAndRejections (node:internal/process/task_queues:105:5)[39m
[31m    at async PostgresQueryInterface.select (E:\Self Project\Finance-Management-System\node-server\node_modules\sequelize\lib\dialects\abstract\query-interface.js:407:12)[39m
[31m    at async Country.findAll (E:\Self Project\Finance-Management-System\node-server\node_modules\sequelize\lib\model.js:1140:21)[39m
[31m    at async Country.findOne (E:\Self Project\Finance-Management-System\node-server\node_modules\sequelize\lib\model.js:1240:12)[39m
[31m    at async BaseController.findOne (file:///E:/Self%20Project/Finance-Management-System/node-server/bases/BaseController.js:110:20)[39m
[31m    at async file:///E:/Self%20Project/Finance-Management-System/node-server/controllers/v1/userController.js:59:7[39m
[31m    at async E:\Self Project\Finance-Management-System\node-server\node_modules\sequelize\lib\sequelize.js:507:18[39m
[31m    at async file:///E:/Self%20Project/Finance-Management-System/node-server/controllers/v1/userController.js:57:20[39m
2026-02-07 01:51:00:510 [31merror[39m: [31mSequelizeDatabaseError: column "deleted_at" does not exist [39m
[31mStack: Error[39m
[31m    at Query.run (E:\Self Project\Finance-Management-System\node-server\node_modules\sequelize\lib\dialects\postgres\query.js:50:25)[39m
[31m    at E:\Self Project\Finance-Management-System\node-server\node_modules\sequelize\lib\sequelize.js:315:28[39m
[31m    at process.processTicksAndRejections (node:internal/process/task_queues:105:5)[39m
[31m    at async PostgresQueryInterface.insert (E:\Self Project\Finance-Management-System\node-server\node_modules\sequelize\lib\dialects\abstract\query-interface.js:308:21)[39m
[31m    at async Account.save (E:\Self Project\Finance-Management-System\node-server\node_modules\sequelize\lib\model.js:2490:35)[39m
[31m    at async Account.create (E:\Self Project\Finance-Management-System\node-server\node_modules\sequelize\lib\model.js:1362:12)[39m
[31m    at async BaseController.create (file:///E:/Self%20Project/Finance-Management-System/node-server/bases/BaseController.js:78:12)[39m
[31m    at async file:///E:/Self%20Project/Finance-Management-System/node-server/controllers/v1/accountController.js:30:24[39m
2026-02-07 01:54:38:5438 [31merror[39m: [31mSequelizeEagerLoadingError: AccountType is associated to Account using an alias. You must use the 'as' keyword to specify the alias within your include statement. [39m
[31mStack: SequelizeEagerLoadingError: AccountType is associated to Account using an alias. You must use the 'as' keyword to specify the alias within your include statement.[39m
[31m    at Account._getIncludedAssociation (E:\Self Project\Finance-Management-System\node-server\node_modules\sequelize\lib\model.js:576:13)[39m
[31m    at Account._validateIncludedElement (E:\Self Project\Finance-Management-System\node-server\node_modules\sequelize\lib\model.js:502:53)[39m
[31m    at E:\Self Project\Finance-Management-System\node-server\node_modules\sequelize\lib\model.js:421:37[39m
[31m    at Array.map (<anonymous>)[39m
[31m    at Account._validateIncludedElements (E:\Self Project\Finance-Management-System\node-server\node_modules\sequelize\lib\model.js:417:39)[39m
[31m    at Account.findAll (E:\Self Project\Finance-Management-System\node-server\node_modules\sequelize\lib\model.js:1124:12)[39m
[31m    at process.processTicksAndRejections (node:internal/process/task_queues:105:5)[39m
[31m    at async BaseController.getAllOrPaginated (file:///E:/Self%20Project/Finance-Management-System/node-server/bases/BaseController.js:164:18)[39m
[31m    at async file:///E:/Self%20Project/Finance-Management-System/node-server/controllers/v1/accountController.js:42:22[39m
2026-02-07 02:45:14:4514 [31merror[39m: [31mSequelizeDatabaseError: column "deleted_at" does not exist [39m
[31mStack: Error[39m
[31m    at Query.run (E:\Self Project\Finance-Management-System\node-server\node_modules\sequelize\lib\dialects\postgres\query.js:50:25)[39m
[31m    at E:\Self Project\Finance-Management-System\node-server\node_modules\sequelize\lib\sequelize.js:315:28[39m
[31m    at process.processTicksAndRejections (node:internal/process/task_queues:105:5)[39m
[31m    at async PostgresQueryInterface.insert (E:\Self Project\Finance-Management-System\node-server\node_modules\sequelize\lib\dialects\abstract\query-interface.js:308:21)[39m
[31m    at async Budget.save (E:\Self Project\Finance-Management-System\node-server\node_modules\sequelize\lib\model.js:2490:35)[39m
[31m    at async Budget.create (E:\Self Project\Finance-Management-System\node-server\node_modules\sequelize\lib\model.js:1362:12)[39m
[31m    at async BaseController.create (file:///E:/Self%20Project/Finance-Management-System/node-server/bases/BaseController.js:78:12)[39m
[31m    at async file:///E:/Self%20Project/Finance-Management-System/node-server/controllers/v1/budgetController.js:22:23[39m
2026-02-07 02:49:04:494 [31merror[39m: [31mSequelizeForeignKeyConstraintError: insert or update on table "budgets" violates foreign key constraint "budgets_user_id_fkey" [39m
[31mStack: Error[39m
[31m    at Query.run (E:\Self Project\Finance-Management-System\node-server\node_modules\sequelize\lib\dialects\postgres\query.js:50:25)[39m
[31m    at E:\Self Project\Finance-Management-System\node-server\node_modules\sequelize\lib\sequelize.js:315:28[39m
[31m    at process.processTicksAndRejections (node:internal/process/task_queues:105:5)[39m
[31m    at async PostgresQueryInterface.insert (E:\Self Project\Finance-Management-System\node-server\node_modules\sequelize\lib\dialects\abstract\query-interface.js:308:21)[39m
[31m    at async Budget.save (E:\Self Project\Finance-Management-System\node-server\node_modules\sequelize\lib\model.js:2490:35)[39m
[31m    at async Budget.create (E:\Self Project\Finance-Management-System\node-server\node_modules\sequelize\lib\model.js:1362:12)[39m
[31m    at async BaseController.create (file:///E:/Self%20Project/Finance-Management-System/node-server/bases/BaseController.js:78:12)[39m
[31m    at async file:///E:/Self%20Project/Finance-Management-System/node-server/controllers/v1/budgetController.js:22:23[39m
2026-02-07 02:54:56:5456 [31merror[39m: [31mNotFoundError: errors.user_not_found [39m
[31mStack: NotFoundError: errors.user_not_found[39m
[31m    at BaseController.findOne (file:///E:/Self%20Project/Finance-Management-System/node-server/bases/BaseController.js:116:13)[39m
[31m    at process.processTicksAndRejections (node:internal/process/task_queues:105:5)[39m
[31m    at async file:///E:/Self%20Project/Finance-Management-System/node-server/controllers/v1/budgetController.js:19:4[39m
2026-02-07 03:01:01:11 [31merror[39m: [31mSequelizeDatabaseError: invalid input syntax for type uuid: "3" [39m
[31mStack: Error[39m
[31m    at Query.run (E:\Self Project\Finance-Management-System\node-server\node_modules\sequelize\lib\dialects\postgres\query.js:50:25)[39m
[31m    at E:\Self Project\Finance-Management-System\node-server\node_modules\sequelize\lib\sequelize.js:315:28[39m
[31m    at process.processTicksAndRejections (node:internal/process/task_queues:105:5)[39m
[31m    at async PostgresQueryInterface.insert (E:\Self Project\Finance-Management-System\node-server\node_modules\sequelize\lib\dialects\abstract\query-interface.js:308:21)[39m
[31m    at async Transaction.save (E:\Self Project\Finance-Management-System\node-server\node_modules\sequelize\lib\model.js:2490:35)[39m
[31m    at async Transaction.create (E:\Self Project\Finance-Management-System\node-server\node_modules\sequelize\lib\model.js:1362:12)[39m
[31m    at async BaseController.create (file:///E:/Self%20Project/Finance-Management-System/node-server/bases/BaseController.js:78:12)[39m
[31m    at async file:///E:/Self%20Project/Finance-Management-System/node-server/controllers/v1/transactionController.js:24:25[39m
2026-02-08 23:47:40:4740 [31merror[39m: [31mSequelizeForeignKeyConstraintError: insert or update on table "debts" violates foreign key constraint "debts_account_id_fkey" [39m
[31mStack: Error[39m
[31m    at Query.run (E:\Self Project\Finance-Management-System\node-server\node_modules\sequelize\lib\dialects\postgres\query.js:50:25)[39m
[31m    at E:\Self Project\Finance-Management-System\node-server\node_modules\sequelize\lib\sequelize.js:315:28[39m
[31m    at process.processTicksAndRejections (node:internal/process/task_queues:105:5)[39m
[31m    at async PostgresQueryInterface.insert (E:\Self Project\Finance-Management-System\node-server\node_modules\sequelize\lib\dialects\abstract\query-interface.js:308:21)[39m
[31m    at async Debt.save (E:\Self Project\Finance-Management-System\node-server\node_modules\sequelize\lib\model.js:2490:35)[39m
[31m    at async Debt.create (E:\Self Project\Finance-Management-System\node-server\node_modules\sequelize\lib\model.js:1362:12)[39m
[31m    at async BaseController.create (file:///E:/Self%20Project/Finance-Management-System/node-server/bases/BaseController.js:78:12)[39m
[31m    at async file:///E:/Self%20Project/Finance-Management-System/node-server/controllers/v1/deptController.js:47:16[39m
[31m    at async E:\Self Project\Finance-Management-System\node-server\node_modules\sequelize\lib\sequelize.js:507:18[39m
[31m    at async file:///E:/Self%20Project/Finance-Management-System/node-server/controllers/v1/deptController.js:24:21[39m
2026-02-12 22:11:08:118 [31merror[39m: [31mBadRequestError: User already registered [39m
[31mStack: BadRequestError: User already registered[39m
[31m    at file:///E:/Self%20Project/Finance-Management-System/node-server/controllers/v1/authController.js:67:11[39m
[31m    at process.processTicksAndRejections (node:internal/process/task_queues:105:5)[39m
2026-02-12 22:21:00:210 [31merror[39m: [31mTypeError: Class constructor UnauthorizedError cannot be invoked without 'new' [39m
[31mStack: TypeError: Class constructor UnauthorizedError cannot be invoked without 'new'[39m
[31m    at file:///E:/Self%20Project/Finance-Management-System/node-server/controllers/v1/authController.js:168:11[39m
[31m    at process.processTicksAndRejections (node:internal/process/task_queues:105:5)[39m
2026-02-12 23:11:06:116 [31merror[39m: [31mUnauthorizedError: error.unauthorized [39m
[31mStack: UnauthorizedError: error.unauthorized[39m
[31m    at file:///E:/Self%20Project/Finance-Management-System/node-server/controllers/v1/authController.js:168:11[39m
[31m    at process.processTicksAndRejections (node:internal/process/task_queues:105:5)[39m
2026-02-13 00:38:38:3838 [31merror[39m: [31mReferenceError: sequelize is not defined [39m
[31mStack: ReferenceError: sequelize is not defined[39m
[31m    at file:///E:/Self%20Project/Finance-Management-System/node-server/controllers/v1/authController.js:106:13[39m
[31m    at process.processTicksAndRejections (node:internal/process/task_queues:105:5)[39m
2026-02-13 00:39:16:3916 [31merror[39m: [31mBadRequestError: User already registered [39m
[31mStack: BadRequestError: User already registered[39m
[31m    at file:///E:/Self%20Project/Finance-Management-System/node-server/controllers/v1/authController.js:99:11[39m
[31m    at process.processTicksAndRejections (node:internal/process/task_queues:105:5)[39m
2026-02-13 00:41:02:412 [31merror[39m: [31mReferenceError: InternalServerError is not defined [39m
[31mStack: ReferenceError: InternalServerError is not defined[39m
[31m    at file:///E:/Self%20Project/Finance-Management-System/node-server/controllers/v1/authController.js:128:5[39m
[31m    at process.processTicksAndRejections (node:internal/process/task_queues:105:5)[39m
2026-02-13 00:41:38:4138 [31merror[39m: [31mBadRequestError: User already registered [39m
[31mStack: BadRequestError: User already registered[39m
[31m    at file:///E:/Self%20Project/Finance-Management-System/node-server/controllers/v1/authController.js:100:11[39m
[31m    at process.processTicksAndRejections (node:internal/process/task_queues:105:5)[39m
2026-02-13 00:42:11:4211 [31merror[39m: [31mInternalServer: Failed to assign user roles. Registration rolled back.[39m
2026-02-13 00:42:11:4211 [31merror[39m: [31mInternalServerError: Failed to assign user roles. Registration rolled back. [39m
[31mStack: InternalServerError: Failed to assign user roles. Registration rolled back.[39m
[31m    at file:///E:/Self%20Project/Finance-Management-System/node-server/controllers/v1/authController.js:129:11[39m
[31m    at process.processTicksAndRejections (node:internal/process/task_queues:105:5)[39m
2026-02-13 00:45:26:4526 [31merror[39m: [31mBadRequestError: User already registered [39m
[31mStack: BadRequestError: User already registered[39m
[31m    at file:///E:/Self%20Project/Finance-Management-System/node-server/controllers/v1/authController.js:100:11[39m
[31m    at process.processTicksAndRejections (node:internal/process/task_queues:105:5)[39m
2026-02-13 00:45:48:4548 [31merror[39m: [31mInternalServer: Failed to assign user roles. Registration rolled back.[39m
2026-02-13 00:45:48:4548 [31merror[39m: [31mInternalServerError: Failed to assign user roles. Registration rolled back. [39m
[31mStack: InternalServerError: Failed to assign user roles. Registration rolled back.[39m
[31m    at file:///E:/Self%20Project/Finance-Management-System/node-server/controllers/v1/authController.js:130:11[39m
[31m    at process.processTicksAndRejections (node:internal/process/task_queues:105:5)[39m
2026-02-13 00:50:15:5015 [31merror[39m: [31mInternalServer: Failed to assign user roles. Registration rolled back.[39m
2026-02-13 00:50:15:5015 [31merror[39m: [31mInternalServerError: Failed to assign user roles. Registration rolled back. [39m
[31mStack: InternalServerError: Failed to assign user roles. Registration rolled back.[39m
[31m    at file:///E:/Self%20Project/Finance-Management-System/node-server/controllers/v1/authController.js:130:11[39m
[31m    at process.processTicksAndRejections (node:internal/process/task_queues:105:5)[39m
2026-02-13 00:53:13:5313 [31merror[39m: [31mBadRequestError: User already registered [39m
[31mStack: BadRequestError: User already registered[39m
[31m    at file:///E:/Self%20Project/Finance-Management-System/node-server/controllers/v1/authController.js:100:11[39m
[31m    at process.processTicksAndRejections (node:internal/process/task_queues:105:5)[39m
2026-02-13 00:53:44:5344 [31merror[39m: [31mInternalServer: Failed to assign user roles. Registration rolled back.[39m
2026-02-13 00:53:44:5344 [31merror[39m: [31mInternalServerError: Failed to assign user roles. Registration rolled back. [39m
[31mStack: InternalServerError: Failed to assign user roles. Registration rolled back.[39m
[31m    at file:///E:/Self%20Project/Finance-Management-System/node-server/controllers/v1/authController.js:130:11[39m
[31m    at process.processTicksAndRejections (node:internal/process/task_queues:105:5)[39m
2026-02-13 00:58:44:5844 [31merror[39m: [31mInternalServer: Role assignment failed. Signup rolled back.[39m
2026-02-13 00:58:44:5844 [31merror[39m: [31mInternalServerError: Role assignment failed. Signup rolled back. [39m
[31mStack: InternalServerError: Role assignment failed. Signup rolled back.[39m
[31m    at file:///E:/Self%20Project/Finance-Management-System/node-server/controllers/v1/authController.js:118:11[39m
[31m    at process.processTicksAndRejections (node:internal/process/task_queues:105:5)[39m
2026-02-13 00:59:32:5932 [31merror[39m: [31mBadRequestError: User already registered [39m
[31mStack: BadRequestError: User already registered[39m
[31m    at file:///E:/Self%20Project/Finance-Management-System/node-server/controllers/v1/authController.js:100:11[39m
[31m    at process.processTicksAndRejections (node:internal/process/task_queues:105:5)[39m
2026-02-13 00:59:53:5953 [31merror[39m: [31mInternalServer: Role assignment failed. Signup rolled back.[39m
2026-02-13 00:59:53:5953 [31merror[39m: [31mInternalServerError: Role assignment failed. Signup rolled back. [39m
[31mStack: InternalServerError: Role assignment failed. Signup rolled back.[39m
[31m    at file:///E:/Self%20Project/Finance-Management-System/node-server/controllers/v1/authController.js:118:11[39m
[31m    at process.processTicksAndRejections (node:internal/process/task_queues:105:5)[39m
2026-02-13 01:06:37:637 [31merror[39m: [31mReferenceError: Role is not defined [39m
[31mStack: ReferenceError: Role is not defined[39m
[31m    at file:///E:/Self%20Project/Finance-Management-System/node-server/controllers/v1/authController.js:228:16[39m
[31m    at process.processTicksAndRejections (node:internal/process/task_queues:105:5)[39m
2026-02-13 01:07:25:725 [31merror[39m: [31mSequelizeEagerLoadingError: Role is not associated to UserRole! [39m
[31mStack: SequelizeEagerLoadingError: Role is not associated to UserRole![39m
[31m    at UserRole._getIncludedAssociation (E:\Self Project\Finance-Management-System\node-server\node_modules\sequelize\lib\model.js:565:13)[39m
[31m    at UserRole._validateIncludedElement (E:\Self Project\Finance-Management-System\node-server\node_modules\sequelize\lib\model.js:502:53)[39m
[31m    at E:\Self Project\Finance-Management-System\node-server\node_modules\sequelize\lib\model.js:421:37[39m
[31m    at Array.map (<anonymous>)[39m
[31m    at UserRole._validateIncludedElements (E:\Self Project\Finance-Management-System\node-server\node_modules\sequelize\lib\model.js:417:39)[39m
[31m    at UserRole.findAll (E:\Self Project\Finance-Management-System\node-server\node_modules\sequelize\lib\model.js:1124:12)[39m
[31m    at process.processTicksAndRejections (node:internal/process/task_queues:105:5)[39m
[31m    at async file:///E:/Self%20Project/Finance-Management-System/node-server/controllers/v1/authController.js:225:23[39m
2026-02-13 01:11:14:1114 [31merror[39m: [31mTypeError: UserRole.find is not a function [39m
[31mStack: TypeError: UserRole.find is not a function[39m
[31m    at file:///E:/Self%20Project/Finance-Management-System/node-server/controllers/v1/authController.js:224:36[39m
[31m    at process.processTicksAndRejections (node:internal/process/task_queues:105:5)[39m
2026-02-13 01:11:38:1138 [31merror[39m: [31mTypeError: userRoles.map is not a function [39m
[31mStack: TypeError: userRoles.map is not a function[39m
[31m    at file:///E:/Self%20Project/Finance-Management-System/node-server/controllers/v1/authController.js:234:31[39m
[31m    at process.processTicksAndRejections (node:internal/process/task_queues:105:5)[39m
2026-02-13 11:22:41:2241 [31merror[39m: [31mSequelizeHostNotFoundError: getaddrinfo ENOTFOUND aws-1-ap-south-1.pooler.supabase.com [39m
[31mStack: SequelizeHostNotFoundError: getaddrinfo ENOTFOUND aws-1-ap-south-1.pooler.supabase.com[39m
[31m    at Client._connectionCallback (E:\Self Project\Finance-Management-System\node-server\node_modules\sequelize\lib\dialects\postgres\connection-manager.js:136:24)[39m
[31m    at Client._handleErrorWhileConnecting (E:\Self Project\Finance-Management-System\node-server\node_modules\pg\lib\client.js:376:19)[39m
[31m    at Client._handleErrorEvent (E:\Self Project\Finance-Management-System\node-server\node_modules\pg\lib\client.js:386:19)[39m
[31m    at Connection.emit (node:events:518:28)[39m
[31m    at Socket.reportStreamError (E:\Self Project\Finance-Management-System\node-server\node_modules\pg\lib\connection.js:56:12)[39m
[31m    at Socket.emit (node:events:518:28)[39m
[31m    at emitErrorNT (node:internal/streams/destroy:170:8)[39m
[31m    at emitErrorCloseNT (node:internal/streams/destroy:129:3)[39m
[31m    at process.processTicksAndRejections (node:internal/process/task_queues:90:21)[39m
2026-02-13 11:32:33:3233 [31merror[39m: [31mSequelizeHostNotFoundError: getaddrinfo ENOTFOUND aws-1-ap-south-1.pooler.supabase.com [39m
[31mStack: SequelizeHostNotFoundError: getaddrinfo ENOTFOUND aws-1-ap-south-1.pooler.supabase.com[39m
[31m    at Client._connectionCallback (E:\Self Project\Finance-Management-System\node-server\node_modules\sequelize\lib\dialects\postgres\connection-manager.js:136:24)[39m
[31m    at Client._handleErrorWhileConnecting (E:\Self Project\Finance-Management-System\node-server\node_modules\pg\lib\client.js:376:19)[39m
[31m    at Client._handleErrorEvent (E:\Self Project\Finance-Management-System\node-server\node_modules\pg\lib\client.js:386:19)[39m
[31m    at Connection.emit (node:events:518:28)[39m
[31m    at Socket.reportStreamError (E:\Self Project\Finance-Management-System\node-server\node_modules\pg\lib\connection.js:56:12)[39m
[31m    at Socket.emit (node:events:518:28)[39m
[31m    at emitErrorNT (node:internal/streams/destroy:170:8)[39m
[31m    at emitErrorCloseNT (node:internal/streams/destroy:129:3)[39m
[31m    at process.processTicksAndRejections (node:internal/process/task_queues:90:21)[39m
2026-02-14 01:34:22:3422 [31merror[39m: [31mUnauthorizedError: Invalid token or session expired. [39m
[31mStack: UnauthorizedError: Invalid token or session expired.[39m
[31m    at file:///E:/Self%20Project/Finance-Management-System/node-server/middlewares/authMiddleware.js:27:11[39m
[31m    at process.processTicksAndRejections (node:internal/process/task_queues:105:5)[39m
2026-02-14 14:08:54:854 [31merror[39m: [31mSequelizeHostNotFoundError: getaddrinfo ENOTFOUND aws-1-ap-south-1.pooler.supabase.com [39m
[31mStack: SequelizeHostNotFoundError: getaddrinfo ENOTFOUND aws-1-ap-south-1.pooler.supabase.com[39m
[31m    at Client._connectionCallback (E:\Self Project\Finance-Management-System\node-server\node_modules\sequelize\lib\dialects\postgres\connection-manager.js:136:24)[39m
[31m    at Client._handleErrorWhileConnecting (E:\Self Project\Finance-Management-System\node-server\node_modules\pg\lib\client.js:376:19)[39m
[31m    at Client._handleErrorEvent (E:\Self Project\Finance-Management-System\node-server\node_modules\pg\lib\client.js:386:19)[39m
[31m    at Connection.emit (node:events:518:28)[39m
[31m    at Socket.reportStreamError (E:\Self Project\Finance-Management-System\node-server\node_modules\pg\lib\connection.js:56:12)[39m
[31m    at Socket.emit (node:events:518:28)[39m
[31m    at emitErrorNT (node:internal/streams/destroy:170:8)[39m
[31m    at emitErrorCloseNT (node:internal/streams/destroy:129:3)[39m
[31m    at process.processTicksAndRejections (node:internal/process/task_queues:90:21)[39m
2026-02-14 14:46:04:464 [31merror[39m: [31mUnauthorizedError: Invalid token or session expired. [39m
[31mStack: UnauthorizedError: Invalid token or session expired.[39m
[31m    at file:///E:/Self%20Project/Finance-Management-System/node-server/middlewares/authMiddleware.js:27:11[39m
[31m    at process.processTicksAndRejections (node:internal/process/task_queues:105:5)[39m
2026-02-14 14:46:04:464 [31merror[39m: [31mUnauthorizedError: Invalid token or session expired. [39m
[31mStack: UnauthorizedError: Invalid token or session expired.[39m
[31m    at file:///E:/Self%20Project/Finance-Management-System/node-server/middlewares/authMiddleware.js:27:11[39m
[31m    at process.processTicksAndRejections (node:internal/process/task_queues:105:5)[39m
2026-02-14 14:47:05:475 [31merror[39m: [31mTypeError: AccountTypeController.findAll is not a function [39m
[31mStack: TypeError: AccountTypeController.findAll is not a function[39m
[31m    at file:///E:/Self%20Project/Finance-Management-System/node-server/controllers/v1/constantController.js:51:54[39m
[31m    at file:///E:/Self%20Project/Finance-Management-System/node-server/utils/AsyncHelper/Async.js:3:25[39m
[31m    at Layer.handleRequest (E:\Self Project\Finance-Management-System\node-server\node_modules\router\lib\layer.js:152:17)[39m
[31m    at next (E:\Self Project\Finance-Management-System\node-server\node_modules\router\lib\route.js:157:13)[39m
[31m    at Route.dispatch (E:\Self Project\Finance-Management-System\node-server\node_modules\router\lib\route.js:117:3)[39m
[31m    at handle (E:\Self Project\Finance-Management-System\node-server\node_modules\router\index.js:435:11)[39m
[31m    at Layer.handleRequest (E:\Self Project\Finance-Management-System\node-server\node_modules\router\lib\layer.js:152:17)[39m
[31m    at E:\Self Project\Finance-Management-System\node-server\node_modules\router\index.js:295:15[39m
[31m    at processParams (E:\Self Project\Finance-Management-System\node-server\node_modules\router\index.js:582:12)[39m
[31m    at next (E:\Self Project\Finance-Management-System\node-server\node_modules\router\index.js:291:5)[39m
2026-02-14 23:58:11:5811 [31merror[39m: [31mTypeError: Spread syntax requires ...iterable[Symbol.iterator] to be a function [39m
[31mStack: TypeError: Spread syntax requires ...iterable[Symbol.iterator] to be a function[39m
[31m    at file:///E:/Self%20Project/Finance-Management-System/node-server/controllers/v1/accountController.js:59:12[39m
[31m    at process.processTicksAndRejections (node:internal/process/task_queues:105:5)[39m
2026-02-15 00:04:41:441 [31merror[39m: [31mSequelizeDatabaseError: invalid input syntax for type uuid: "undefined" [39m
[31mStack: Error[39m
[31m    at Query.run (E:\Self Project\Finance-Management-System\node-server\node_modules\sequelize\lib\dialects\postgres\query.js:50:25)[39m
[31m    at E:\Self Project\Finance-Management-System\node-server\node_modules\sequelize\lib\sequelize.js:315:28[39m
[31m    at process.processTicksAndRejections (node:internal/process/task_queues:105:5)[39m
[31m    at async PostgresQueryInterface.select (E:\Self Project\Finance-Management-System\node-server\node_modules\sequelize\lib\dialects\abstract\query-interface.js:407:12)[39m
[31m    at async Account.findAll (E:\Self Project\Finance-Management-System\node-server\node_modules\sequelize\lib\model.js:1140:21)[39m
[31m    at async Account.findOne (E:\Self Project\Finance-Management-System\node-server\node_modules\sequelize\lib\model.js:1240:12)[39m
[31m    at async BaseController.softDelete (file:///E:/Self%20Project/Finance-Management-System/node-server/bases/BaseController.js:99:20)[39m
[31m    at async file:///E:/Self%20Project/Finance-Management-System/node-server/controllers/v1/accountController.js:81:5[39m
2026-02-15 00:43:36:4336 [31merror[39m: [31mTypeError: AccountController.update is not a function [39m
[31mStack: TypeError: AccountController.update is not a function[39m
[31m    at file:///E:/Self%20Project/Finance-Management-System/node-server/controllers/v1/accountController.js:72:52[39m
[31m    at file:///E:/Self%20Project/Finance-Management-System/node-server/utils/AsyncHelper/Async.js:3:25[39m
[31m    at Layer.handleRequest (E:\Self Project\Finance-Management-System\node-server\node_modules\router\lib\layer.js:152:17)[39m
[31m    at next (E:\Self Project\Finance-Management-System\node-server\node_modules\router\lib\route.js:157:13)[39m
[31m    at Route.dispatch (E:\Self Project\Finance-Management-System\node-server\node_modules\router\lib\route.js:117:3)[39m
[31m    at handle (E:\Self Project\Finance-Management-System\node-server\node_modules\router\index.js:435:11)[39m
[31m    at Layer.handleRequest (E:\Self Project\Finance-Management-System\node-server\node_modules\router\lib\layer.js:152:17)[39m
[31m    at E:\Self Project\Finance-Management-System\node-server\node_modules\router\index.js:295:15[39m
[31m    at param (E:\Self Project\Finance-Management-System\node-server\node_modules\router\index.js:600:14)[39m
[31m    at param (E:\Self Project\Finance-Management-System\node-server\node_modules\router\index.js:610:14)[39m
2026-02-15 00:43:50:4350 [31merror[39m: [31mTypeError: AccountController.update is not a function [39m
[31mStack: TypeError: AccountController.update is not a function[39m
[31m    at file:///E:/Self%20Project/Finance-Management-System/node-server/controllers/v1/accountController.js:72:52[39m
[31m    at file:///E:/Self%20Project/Finance-Management-System/node-server/utils/AsyncHelper/Async.js:3:25[39m
[31m    at Layer.handleRequest (E:\Self Project\Finance-Management-System\node-server\node_modules\router\lib\layer.js:152:17)[39m
[31m    at next (E:\Self Project\Finance-Management-System\node-server\node_modules\router\lib\route.js:157:13)[39m
[31m    at Route.dispatch (E:\Self Project\Finance-Management-System\node-server\node_modules\router\lib\route.js:117:3)[39m
[31m    at handle (E:\Self Project\Finance-Management-System\node-server\node_modules\router\index.js:435:11)[39m
[31m    at Layer.handleRequest (E:\Self Project\Finance-Management-System\node-server\node_modules\router\lib\layer.js:152:17)[39m
[31m    at E:\Self Project\Finance-Management-System\node-server\node_modules\router\index.js:295:15[39m
[31m    at param (E:\Self Project\Finance-Management-System\node-server\node_modules\router\index.js:600:14)[39m
[31m    at param (E:\Self Project\Finance-Management-System\node-server\node_modules\router\index.js:610:14)[39m
2026-02-15 00:57:56:5756 [31merror[39m: [31mUnauthorizedError: Invalid token or session expired. [39m
[31mStack: UnauthorizedError: Invalid token or session expired.[39m
[31m    at file:///E:/Self%20Project/Finance-Management-System/node-server/middlewares/authMiddleware.js:27:11[39m
[31m    at process.processTicksAndRejections (node:internal/process/task_queues:105:5)[39m
2026-02-15 00:57:56:5756 [31merror[39m: [31mUnauthorizedError: Invalid token or session expired. [39m
[31mStack: UnauthorizedError: Invalid token or session expired.[39m
[31m    at file:///E:/Self%20Project/Finance-Management-System/node-server/middlewares/authMiddleware.js:27:11[39m
[31m    at process.processTicksAndRejections (node:internal/process/task_queues:105:5)[39m
2026-02-15 00:59:42:5942 [31merror[39m: [31mUnauthorizedError: Invalid token or session expired. [39m
[31mStack: UnauthorizedError: Invalid token or session expired.[39m
[31m    at file:///E:/Self%20Project/Finance-Management-System/node-server/middlewares/authMiddleware.js:27:11[39m
[31m    at process.processTicksAndRejections (node:internal/process/task_queues:105:5)[39m
2026-02-15 00:59:42:5942 [31merror[39m: [31mUnauthorizedError: Invalid token or session expired. [39m
[31mStack: UnauthorizedError: Invalid token or session expired.[39m
[31m    at file:///E:/Self%20Project/Finance-Management-System/node-server/middlewares/authMiddleware.js:27:11[39m
[31m    at process.processTicksAndRejections (node:internal/process/task_queues:105:5)[39m
2026-02-15 00:59:42:5942 [31merror[39m: [31mSequelizeHostNotFoundError: getaddrinfo ENOTFOUND aws-1-ap-south-1.pooler.supabase.com [39m
[31mStack: SequelizeHostNotFoundError: getaddrinfo ENOTFOUND aws-1-ap-south-1.pooler.supabase.com[39m
[31m    at Client._connectionCallback (E:\Self Project\Finance-Management-System\node-server\node_modules\sequelize\lib\dialects\postgres\connection-manager.js:136:24)[39m
[31m    at Client._handleErrorWhileConnecting (E:\Self Project\Finance-Management-System\node-server\node_modules\pg\lib\client.js:376:19)[39m
[31m    at Client._handleErrorEvent (E:\Self Project\Finance-Management-System\node-server\node_modules\pg\lib\client.js:386:19)[39m
[31m    at Connection.emit (node:events:518:28)[39m
[31m    at Socket.reportStreamError (E:\Self Project\Finance-Management-System\node-server\node_modules\pg\lib\connection.js:56:12)[39m
[31m    at Socket.emit (node:events:518:28)[39m
[31m    at emitErrorNT (node:internal/streams/destroy:170:8)[39m
[31m    at emitErrorCloseNT (node:internal/streams/destroy:129:3)[39m
[31m    at process.processTicksAndRejections (node:internal/process/task_queues:90:21)[39m
2026-02-16 08:26:47:2647 [31merror[39m: [31mUnauthorizedError: Invalid token or session expired. [39m
[31mStack: UnauthorizedError: Invalid token or session expired.[39m
[31m    at file:///E:/Self%20Project/Finance-Management-System/node-server/middlewares/authMiddleware.js:27:11[39m
[31m    at process.processTicksAndRejections (node:internal/process/task_queues:105:5)[39m
2026-02-16 08:26:47:2647 [31merror[39m: [31mUnauthorizedError: Invalid token or session expired. [39m
[31mStack: UnauthorizedError: Invalid token or session expired.[39m
[31m    at file:///E:/Self%20Project/Finance-Management-System/node-server/middlewares/authMiddleware.js:27:11[39m
[31m    at process.processTicksAndRejections (node:internal/process/task_queues:105:5)[39m
2026-02-16 08:41:57:4157 [31merror[39m: [31mUnauthorizedError: Invalid token or session expired. [39m
[31mStack: UnauthorizedError: Invalid token or session expired.[39m
[31m    at file:///E:/Self%20Project/Finance-Management-System/node-server/middlewares/authMiddleware.js:27:11[39m
[31m    at process.processTicksAndRejections (node:internal/process/task_queues:105:5)[39m
2026-02-16 08:41:57:4157 [31merror[39m: [31mUnauthorizedError: Invalid token or session expired. [39m
[31mStack: UnauthorizedError: Invalid token or session expired.[39m
[31m    at file:///E:/Self%20Project/Finance-Management-System/node-server/middlewares/authMiddleware.js:27:11[39m
[31m    at process.processTicksAndRejections (node:internal/process/task_queues:105:5)[39m
2026-02-16 10:36:27:3627 [31merror[39m: [31mUnauthorizedError: Invalid token or session expired. [39m
[31mStack: UnauthorizedError: Invalid token or session expired.[39m
[31m    at file:///E:/Self%20Project/Finance-Management-System/node-server/middlewares/authMiddleware.js:27:11[39m
[31m    at process.processTicksAndRejections (node:internal/process/task_queues:105:5)[39m
2026-02-16 10:36:27:3627 [31merror[39m: [31mUnauthorizedError: Invalid token or session expired. [39m
[31mStack: UnauthorizedError: Invalid token or session expired.[39m
[31m    at file:///E:/Self%20Project/Finance-Management-System/node-server/middlewares/authMiddleware.js:27:11[39m
[31m    at process.processTicksAndRejections (node:internal/process/task_queues:105:5)[39m
2026-02-16 17:23:34:2334 [31merror[39m: [31mUnauthorizedError: Invalid token or session expired. [39m
[31mStack: UnauthorizedError: Invalid token or session expired.[39m
[31m    at file:///E:/Self%20Project/Finance-Management-System/node-server/middlewares/authMiddleware.js:27:11[39m
[31m    at process.processTicksAndRejections (node:internal/process/task_queues:105:5)[39m
2026-02-16 17:23:34:2334 [31merror[39m: [31mUnauthorizedError: Invalid token or session expired. [39m
[31mStack: UnauthorizedError: Invalid token or session expired.[39m
[31m    at file:///E:/Self%20Project/Finance-Management-System/node-server/middlewares/authMiddleware.js:27:11[39m
[31m    at process.processTicksAndRejections (node:internal/process/task_queues:105:5)[39m
2026-02-16 17:33:46:3346 [31merror[39m: [31mUnauthorizedError: Invalid token or session expired. [39m
[31mStack: UnauthorizedError: Invalid token or session expired.[39m
[31m    at file:///E:/Self%20Project/Finance-Management-System/node-server/middlewares/authMiddleware.js:27:11[39m
[31m    at process.processTicksAndRejections (node:internal/process/task_queues:105:5)[39m
2026-02-16 17:33:46:3346 [31merror[39m: [31mUnauthorizedError: Invalid token or session expired. [39m
[31mStack: UnauthorizedError: Invalid token or session expired.[39m
[31m    at file:///E:/Self%20Project/Finance-Management-System/node-server/middlewares/authMiddleware.js:27:11[39m
[31m    at process.processTicksAndRejections (node:internal/process/task_queues:105:5)[39m
2026-02-16 17:43:33:4333 [31merror[39m: [31mUnauthorizedError: Invalid token or session expired. [39m
[31mStack: UnauthorizedError: Invalid token or session expired.[39m
[31m    at file:///E:/Self%20Project/Finance-Management-System/node-server/middlewares/authMiddleware.js:27:11[39m
[31m    at process.processTicksAndRejections (node:internal/process/task_queues:105:5)[39m
2026-02-16 17:43:33:4333 [31merror[39m: [31mUnauthorizedError: Invalid token or session expired. [39m
[31mStack: UnauthorizedError: Invalid token or session expired.[39m
[31m    at file:///E:/Self%20Project/Finance-Management-System/node-server/middlewares/authMiddleware.js:27:11[39m
[31m    at process.processTicksAndRejections (node:internal/process/task_queues:105:5)[39m
2026-02-16 18:18:29:1829 [31merror[39m: [31mSequelizeUniqueConstraintError: Validation error [39m
[31mStack: Error[39m
[31m    at Query.run (E:\Self Project\Finance-Management-System\node-server\node_modules\sequelize\lib\dialects\postgres\query.js:50:25)[39m
[31m    at E:\Self Project\Finance-Management-System\node-server\node_modules\sequelize\lib\sequelize.js:315:28[39m
[31m    at process.processTicksAndRejections (node:internal/process/task_queues:105:5)[39m
[31m    at async PostgresQueryInterface.insert (E:\Self Project\Finance-Management-System\node-server\node_modules\sequelize\lib\dialects\abstract\query-interface.js:308:21)[39m
[31m    at async Category.save (E:\Self Project\Finance-Management-System\node-server\node_modules\sequelize\lib\model.js:2490:35)[39m
[31m    at async Category.create (E:\Self Project\Finance-Management-System\node-server\node_modules\sequelize\lib\model.js:1362:12)[39m
[31m    at async BaseController.create (file:///E:/Self%20Project/Finance-Management-System/node-server/bases/BaseController.js:118:19)[39m
[31m    at async file:///E:/Self%20Project/Finance-Management-System/node-server/controllers/v1/categoryController.js:14:19[39m
2026-02-16 18:23:20:2320 [31merror[39m: [31mSequelizeUniqueConstraintError: Validation error [39m
[31mStack: Error[39m
[31m    at Query.run (E:\Self Project\Finance-Management-System\node-server\node_modules\sequelize\lib\dialects\postgres\query.js:50:25)[39m
[31m    at E:\Self Project\Finance-Management-System\node-server\node_modules\sequelize\lib\sequelize.js:315:28[39m
[31m    at process.processTicksAndRejections (node:internal/process/task_queues:105:5)[39m
[31m    at async PostgresQueryInterface.insert (E:\Self Project\Finance-Management-System\node-server\node_modules\sequelize\lib\dialects\abstract\query-interface.js:308:21)[39m
[31m    at async Category.save (E:\Self Project\Finance-Management-System\node-server\node_modules\sequelize\lib\model.js:2490:35)[39m
[31m    at async Category.create (E:\Self Project\Finance-Management-System\node-server\node_modules\sequelize\lib\model.js:1362:12)[39m
[31m    at async BaseController.create (file:///E:/Self%20Project/Finance-Management-System/node-server/bases/BaseController.js:118:19)[39m
[31m    at async file:///E:/Self%20Project/Finance-Management-System/node-server/controllers/v1/categoryController.js:14:19[39m
2026-02-16 18:24:09:249 [31merror[39m: [31mSequelizeUniqueConstraintError: Validation error [39m
[31mStack: Error[39m
[31m    at Query.run (E:\Self Project\Finance-Management-System\node-server\node_modules\sequelize\lib\dialects\postgres\query.js:50:25)[39m
[31m    at E:\Self Project\Finance-Management-System\node-server\node_modules\sequelize\lib\sequelize.js:315:28[39m
[31m    at process.processTicksAndRejections (node:internal/process/task_queues:105:5)[39m
[31m    at async PostgresQueryInterface.insert (E:\Self Project\Finance-Management-System\node-server\node_modules\sequelize\lib\dialects\abstract\query-interface.js:308:21)[39m
[31m    at async Category.save (E:\Self Project\Finance-Management-System\node-server\node_modules\sequelize\lib\model.js:2490:35)[39m
[31m    at async Category.create (E:\Self Project\Finance-Management-System\node-server\node_modules\sequelize\lib\model.js:1362:12)[39m
[31m    at async BaseController.create (file:///E:/Self%20Project/Finance-Management-System/node-server/bases/BaseController.js:118:19)[39m
[31m    at async file:///E:/Self%20Project/Finance-Management-System/node-server/controllers/v1/categoryController.js:14:19[39m
2026-02-16 18:31:27:3127 [31merror[39m: [31mAlreadyExist: errors.already_exists [39m
[31mStack: AlreadyExist: errors.already_exists[39m
[31m    at BaseController.alreadyExist (file:///E:/Self%20Project/Finance-Management-System/node-server/bases/BaseController.js:112:13)[39m
[31m    at process.processTicksAndRejections (node:internal/process/task_queues:105:5)[39m
[31m    at async file:///E:/Self%20Project/Finance-Management-System/node-server/controllers/v1/categoryController.js:14:3[39m
2026-02-16 18:38:34:3834 [31merror[39m: [31mSequelizeDatabaseError: column "deleted_at" does not exist [39m
[31mStack: Error[39m
[31m    at Query.run (E:\Self Project\Finance-Management-System\node-server\node_modules\sequelize\lib\dialects\postgres\query.js:50:25)[39m
[31m    at E:\Self Project\Finance-Management-System\node-server\node_modules\sequelize\lib\sequelize.js:315:28[39m
[31m    at process.processTicksAndRejections (node:internal/process/task_queues:105:5)[39m
[31m    at async PostgresQueryInterface.select (E:\Self Project\Finance-Management-System\node-server\node_modules\sequelize\lib\dialects\abstract\query-interface.js:407:12)[39m
[31m    at async Category.findAll (E:\Self Project\Finance-Management-System\node-server\node_modules\sequelize\lib\model.js:1140:21)[39m
[31m    at async Category.findOne (E:\Self Project\Finance-Management-System\node-server\node_modules\sequelize\lib\model.js:1240:12)[39m
[31m    at async BaseController.delete (file:///E:/Self%20Project/Finance-Management-System/node-server/bases/BaseController.js:127:20)[39m
[31m    at async file:///E:/Self%20Project/Finance-Management-System/node-server/controllers/v1/categoryController.js:32:3[39m
2026-02-16 18:41:31:4131 [31merror[39m: [31mNotFoundError: errors.not_found [39m
[31mStack: NotFoundError: errors.not_found[39m
[31m    at BaseController.delete (file:///E:/Self%20Project/Finance-Management-System/node-server/bases/BaseController.js:129:13)[39m
[31m    at process.processTicksAndRejections (node:internal/process/task_queues:105:5)[39m
[31m    at async file:///E:/Self%20Project/Finance-Management-System/node-server/controllers/v1/categoryController.js:32:3[39m
2026-02-16 18:46:01:461 [31merror[39m: [31mSequelizeUniqueConstraintError: Validation error [39m
[31mStack: Error[39m
[31m    at Query.run (E:\Self Project\Finance-Management-System\node-server\node_modules\sequelize\lib\dialects\postgres\query.js:50:25)[39m
[31m    at E:\Self Project\Finance-Management-System\node-server\node_modules\sequelize\lib\sequelize.js:315:28[39m
[31m    at process.processTicksAndRejections (node:internal/process/task_queues:105:5)[39m
[31m    at async PostgresQueryInterface.insert (E:\Self Project\Finance-Management-System\node-server\node_modules\sequelize\lib\dialects\abstract\query-interface.js:308:21)[39m
[31m    at async Category.save (E:\Self Project\Finance-Management-System\node-server\node_modules\sequelize\lib\model.js:2490:35)[39m
[31m    at async Category.create (E:\Self Project\Finance-Management-System\node-server\node_modules\sequelize\lib\model.js:1362:12)[39m
[31m    at async BaseController.create (file:///E:/Self%20Project/Finance-Management-System/node-server/bases/BaseController.js:118:19)[39m
[31m    at async file:///E:/Self%20Project/Finance-Management-System/node-server/controllers/v1/categoryController.js:15:20[39m
2026-02-16 18:49:33:4933 [31merror[39m: [31mSequelizeUniqueConstraintError: Validation error [39m
[31mStack: Error[39m
[31m    at Query.run (E:\Self Project\Finance-Management-System\node-server\node_modules\sequelize\lib\dialects\postgres\query.js:50:25)[39m
[31m    at E:\Self Project\Finance-Management-System\node-server\node_modules\sequelize\lib\sequelize.js:315:28[39m
[31m    at process.processTicksAndRejections (node:internal/process/task_queues:105:5)[39m
[31m    at async PostgresQueryInterface.insert (E:\Self Project\Finance-Management-System\node-server\node_modules\sequelize\lib\dialects\abstract\query-interface.js:308:21)[39m
[31m    at async Category.save (E:\Self Project\Finance-Management-System\node-server\node_modules\sequelize\lib\model.js:2490:35)[39m
[31m    at async Category.create (E:\Self Project\Finance-Management-System\node-server\node_modules\sequelize\lib\model.js:1362:12)[39m
[31m    at async BaseController.create (file:///E:/Self%20Project/Finance-Management-System/node-server/bases/BaseController.js:118:19)[39m
[31m    at async file:///E:/Self%20Project/Finance-Management-System/node-server/controllers/v1/categoryController.js:15:20[39m
2026-02-16 18:49:35:4935 [31merror[39m: [31mSequelizeUniqueConstraintError: Validation error [39m
[31mStack: Error[39m
[31m    at Query.run (E:\Self Project\Finance-Management-System\node-server\node_modules\sequelize\lib\dialects\postgres\query.js:50:25)[39m
[31m    at E:\Self Project\Finance-Management-System\node-server\node_modules\sequelize\lib\sequelize.js:315:28[39m
[31m    at process.processTicksAndRejections (node:internal/process/task_queues:105:5)[39m
[31m    at async PostgresQueryInterface.insert (E:\Self Project\Finance-Management-System\node-server\node_modules\sequelize\lib\dialects\abstract\query-interface.js:308:21)[39m
[31m    at async Category.save (E:\Self Project\Finance-Management-System\node-server\node_modules\sequelize\lib\model.js:2490:35)[39m
[31m    at async Category.create (E:\Self Project\Finance-Management-System\node-server\node_modules\sequelize\lib\model.js:1362:12)[39m
[31m    at async BaseController.create (file:///E:/Self%20Project/Finance-Management-System/node-server/bases/BaseController.js:118:19)[39m
[31m    at async file:///E:/Self%20Project/Finance-Management-System/node-server/controllers/v1/categoryController.js:15:20[39m
2026-02-16 18:52:37:5237 [31merror[39m: [31mSequelizeUniqueConstraintError: Validation error [39m
[31mStack: Error[39m
[31m    at Query.run (E:\Self Project\Finance-Management-System\node-server\node_modules\sequelize\lib\dialects\postgres\query.js:50:25)[39m
[31m    at E:\Self Project\Finance-Management-System\node-server\node_modules\sequelize\lib\sequelize.js:315:28[39m
[31m    at process.processTicksAndRejections (node:internal/process/task_queues:105:5)[39m
[31m    at async PostgresQueryInterface.insert (E:\Self Project\Finance-Management-System\node-server\node_modules\sequelize\lib\dialects\abstract\query-interface.js:308:21)[39m
[31m    at async Category.save (E:\Self Project\Finance-Management-System\node-server\node_modules\sequelize\lib\model.js:2490:35)[39m
[31m    at async Category.create (E:\Self Project\Finance-Management-System\node-server\node_modules\sequelize\lib\model.js:1362:12)[39m
[31m    at async BaseController.create (file:///E:/Self%20Project/Finance-Management-System/node-server/bases/BaseController.js:118:19)[39m
[31m    at async file:///E:/Self%20Project/Finance-Management-System/node-server/controllers/v1/categoryController.js:15:20[39m
2026-02-16 18:54:52:5452 [31merror[39m: [31mSequelizeUniqueConstraintError: Validation error [39m
[31mStack: Error[39m
[31m    at Query.run (E:\Self Project\Finance-Management-System\node-server\node_modules\sequelize\lib\dialects\postgres\query.js:50:25)[39m
[31m    at E:\Self Project\Finance-Management-System\node-server\node_modules\sequelize\lib\sequelize.js:315:28[39m
[31m    at process.processTicksAndRejections (node:internal/process/task_queues:105:5)[39m
[31m    at async PostgresQueryInterface.insert (E:\Self Project\Finance-Management-System\node-server\node_modules\sequelize\lib\dialects\abstract\query-interface.js:308:21)[39m
[31m    at async Category.save (E:\Self Project\Finance-Management-System\node-server\node_modules\sequelize\lib\model.js:2490:35)[39m
[31m    at async Category.create (E:\Self Project\Finance-Management-System\node-server\node_modules\sequelize\lib\model.js:1362:12)[39m
[31m    at async BaseController.create (file:///E:/Self%20Project/Finance-Management-System/node-server/bases/BaseController.js:118:19)[39m
[31m    at async file:///E:/Self%20Project/Finance-Management-System/node-server/controllers/v1/categoryController.js:15:20[39m
2026-02-16 18:55:06:556 [31merror[39m: [31mSequelizeUniqueConstraintError: Validation error [39m
[31mStack: Error[39m
[31m    at Query.run (E:\Self Project\Finance-Management-System\node-server\node_modules\sequelize\lib\dialects\postgres\query.js:50:25)[39m
[31m    at E:\Self Project\Finance-Management-System\node-server\node_modules\sequelize\lib\sequelize.js:315:28[39m
[31m    at process.processTicksAndRejections (node:internal/process/task_queues:105:5)[39m
[31m    at async PostgresQueryInterface.insert (E:\Self Project\Finance-Management-System\node-server\node_modules\sequelize\lib\dialects\abstract\query-interface.js:308:21)[39m
[31m    at async Category.save (E:\Self Project\Finance-Management-System\node-server\node_modules\sequelize\lib\model.js:2490:35)[39m
[31m    at async Category.create (E:\Self Project\Finance-Management-System\node-server\node_modules\sequelize\lib\model.js:1362:12)[39m
[31m    at async BaseController.create (file:///E:/Self%20Project/Finance-Management-System/node-server/bases/BaseController.js:118:19)[39m
[31m    at async file:///E:/Self%20Project/Finance-Management-System/node-server/controllers/v1/categoryController.js:15:20[39m
2026-02-16 18:56:44:5644 [31merror[39m: [31mSequelizeUniqueConstraintError: Validation error [39m
[31mStack: Error[39m
[31m    at Query.run (E:\Self Project\Finance-Management-System\node-server\node_modules\sequelize\lib\dialects\postgres\query.js:50:25)[39m
[31m    at E:\Self Project\Finance-Management-System\node-server\node_modules\sequelize\lib\sequelize.js:315:28[39m
[31m    at process.processTicksAndRejections (node:internal/process/task_queues:105:5)[39m
[31m    at async PostgresQueryInterface.insert (E:\Self Project\Finance-Management-System\node-server\node_modules\sequelize\lib\dialects\abstract\query-interface.js:308:21)[39m
[31m    at async Category.save (E:\Self Project\Finance-Management-System\node-server\node_modules\sequelize\lib\model.js:2490:35)[39m
[31m    at async Category.create (E:\Self Project\Finance-Management-System\node-server\node_modules\sequelize\lib\model.js:1362:12)[39m
[31m    at async BaseController.create (file:///E:/Self%20Project/Finance-Management-System/node-server/bases/BaseController.js:118:19)[39m
[31m    at async file:///E:/Self%20Project/Finance-Management-System/node-server/controllers/v1/categoryController.js:15:20[39m
2026-02-17 16:46:30:4630 [31merror[39m: [31mSequelizeUniqueConstraintError: Validation error [39m
[31mStack: Error[39m
[31m    at Query.run (E:\Self Project\Finance-Management-System\node-server\node_modules\sequelize\lib\dialects\postgres\query.js:50:25)[39m
[31m    at E:\Self Project\Finance-Management-System\node-server\node_modules\sequelize\lib\sequelize.js:315:28[39m
[31m    at process.processTicksAndRejections (node:internal/process/task_queues:105:5)[39m
[31m    at async PostgresQueryInterface.insert (E:\Self Project\Finance-Management-System\node-server\node_modules\sequelize\lib\dialects\abstract\query-interface.js:308:21)[39m
[31m    at async Category.save (E:\Self Project\Finance-Management-System\node-server\node_modules\sequelize\lib\model.js:2490:35)[39m
[31m    at async Category.create (E:\Self Project\Finance-Management-System\node-server\node_modules\sequelize\lib\model.js:1362:12)[39m
[31m    at async BaseController.create (file:///E:/Self%20Project/Finance-Management-System/node-server/bases/BaseController.js:118:19)[39m
[31m    at async file:///E:/Self%20Project/Finance-Management-System/node-server/controllers/v1/categoryController.js:15:20[39m
2026-02-17 16:52:15:5215 [31merror[39m: [31mSequelizeUniqueConstraintError: Validation error [39m
[31mStack: Error[39m
[31m    at Query.run (E:\Self Project\Finance-Management-System\node-server\node_modules\sequelize\lib\dialects\postgres\query.js:50:25)[39m
[31m    at E:\Self Project\Finance-Management-System\node-server\node_modules\sequelize\lib\sequelize.js:315:28[39m
[31m    at process.processTicksAndRejections (node:internal/process/task_queues:105:5)[39m
[31m    at async PostgresQueryInterface.insert (E:\Self Project\Finance-Management-System\node-server\node_modules\sequelize\lib\dialects\abstract\query-interface.js:308:21)[39m
[31m    at async Category.save (E:\Self Project\Finance-Management-System\node-server\node_modules\sequelize\lib\model.js:2490:35)[39m
[31m    at async Category.create (E:\Self Project\Finance-Management-System\node-server\node_modules\sequelize\lib\model.js:1362:12)[39m
[31m    at async BaseController.create (file:///E:/Self%20Project/Finance-Management-System/node-server/bases/BaseController.js:121:19)[39m
[31m    at async file:///E:/Self%20Project/Finance-Management-System/node-server/controllers/v1/categoryController.js:15:20[39m
2026-02-17 16:53:52:5352 [31merror[39m: [31mAlreadyExist: errors.already_exists [39m
[31mStack: AlreadyExist: errors.already_exists[39m
[31m    at BaseController.alreadyExist (file:///E:/Self%20Project/Finance-Management-System/node-server/bases/BaseController.js:115:13)[39m
[31m    at process.processTicksAndRejections (node:internal/process/task_queues:105:5)[39m
[31m    at async file:///E:/Self%20Project/Finance-Management-System/node-server/controllers/v1/categoryController.js:14:2[39m
2026-02-17 16:55:19:5519 [31merror[39m: [31mSequelizeUniqueConstraintError: Validation error [39m
[31mStack: Error[39m
[31m    at Query.run (E:\Self Project\Finance-Management-System\node-server\node_modules\sequelize\lib\dialects\postgres\query.js:50:25)[39m
[31m    at E:\Self Project\Finance-Management-System\node-server\node_modules\sequelize\lib\sequelize.js:315:28[39m
[31m    at process.processTicksAndRejections (node:internal/process/task_queues:105:5)[39m
[31m    at async PostgresQueryInterface.insert (E:\Self Project\Finance-Management-System\node-server\node_modules\sequelize\lib\dialects\abstract\query-interface.js:308:21)[39m
[31m    at async Category.save (E:\Self Project\Finance-Management-System\node-server\node_modules\sequelize\lib\model.js:2490:35)[39m
[31m    at async Category.create (E:\Self Project\Finance-Management-System\node-server\node_modules\sequelize\lib\model.js:1362:12)[39m
[31m    at async BaseController.create (file:///E:/Self%20Project/Finance-Management-System/node-server/bases/BaseController.js:121:19)[39m
[31m    at async file:///E:/Self%20Project/Finance-Management-System/node-server/controllers/v1/categoryController.js:15:20[39m
2026-02-17 17:01:25:125 [31merror[39m: [31mSequelizeUniqueConstraintError: Validation error [39m
[31mStack: Error[39m
[31m    at Query.run (E:\Self Project\Finance-Management-System\node-server\node_modules\sequelize\lib\dialects\postgres\query.js:50:25)[39m
[31m    at E:\Self Project\Finance-Management-System\node-server\node_modules\sequelize\lib\sequelize.js:315:28[39m
[31m    at process.processTicksAndRejections (node:internal/process/task_queues:105:5)[39m
[31m    at async PostgresQueryInterface.insert (E:\Self Project\Finance-Management-System\node-server\node_modules\sequelize\lib\dialects\abstract\query-interface.js:308:21)[39m
[31m    at async Category.save (E:\Self Project\Finance-Management-System\node-server\node_modules\sequelize\lib\model.js:2490:35)[39m
[31m    at async Category.create (E:\Self Project\Finance-Management-System\node-server\node_modules\sequelize\lib\model.js:1362:12)[39m
[31m    at async BaseController.create (file:///E:/Self%20Project/Finance-Management-System/node-server/bases/BaseController.js:121:19)[39m
[31m    at async file:///E:/Self%20Project/Finance-Management-System/node-server/controllers/v1/categoryController.js:15:20[39m
2026-02-17 17:01:54:154 [31merror[39m: [31mSequelizeUniqueConstraintError: Validation error [39m
[31mStack: Error[39m
[31m    at Query.run (E:\Self Project\Finance-Management-System\node-server\node_modules\sequelize\lib\dialects\postgres\query.js:50:25)[39m
[31m    at E:\Self Project\Finance-Management-System\node-server\node_modules\sequelize\lib\sequelize.js:315:28[39m
[31m    at process.processTicksAndRejections (node:internal/process/task_queues:105:5)[39m
[31m    at async PostgresQueryInterface.insert (E:\Self Project\Finance-Management-System\node-server\node_modules\sequelize\lib\dialects\abstract\query-interface.js:308:21)[39m
[31m    at async Category.save (E:\Self Project\Finance-Management-System\node-server\node_modules\sequelize\lib\model.js:2490:35)[39m
[31m    at async Category.create (E:\Self Project\Finance-Management-System\node-server\node_modules\sequelize\lib\model.js:1362:12)[39m
[31m    at async BaseController.create (file:///E:/Self%20Project/Finance-Management-System/node-server/bases/BaseController.js:121:19)[39m
[31m    at async file:///E:/Self%20Project/Finance-Management-System/node-server/controllers/v1/categoryController.js:15:20[39m
2026-02-17 17:01:57:157 [31merror[39m: [31mSequelizeUniqueConstraintError: Validation error [39m
[31mStack: Error[39m
[31m    at Query.run (E:\Self Project\Finance-Management-System\node-server\node_modules\sequelize\lib\dialects\postgres\query.js:50:25)[39m
[31m    at E:\Self Project\Finance-Management-System\node-server\node_modules\sequelize\lib\sequelize.js:315:28[39m
[31m    at process.processTicksAndRejections (node:internal/process/task_queues:105:5)[39m
[31m    at async PostgresQueryInterface.insert (E:\Self Project\Finance-Management-System\node-server\node_modules\sequelize\lib\dialects\abstract\query-interface.js:308:21)[39m
[31m    at async Category.save (E:\Self Project\Finance-Management-System\node-server\node_modules\sequelize\lib\model.js:2490:35)[39m
[31m    at async Category.create (E:\Self Project\Finance-Management-System\node-server\node_modules\sequelize\lib\model.js:1362:12)[39m
[31m    at async BaseController.create (file:///E:/Self%20Project/Finance-Management-System/node-server/bases/BaseController.js:121:19)[39m
[31m    at async file:///E:/Self%20Project/Finance-Management-System/node-server/controllers/v1/categoryController.js:15:20[39m
2026-02-17 18:03:59:359 [31merror[39m: [31mUnauthorizedError: Invalid token or session expired. [39m
[31mStack: UnauthorizedError: Invalid token or session expired.[39m
[31m    at file:///E:/Self%20Project/Finance-Management-System/node-server/middlewares/authMiddleware.js:27:11[39m
[31m    at process.processTicksAndRejections (node:internal/process/task_queues:105:5)[39m
2026-02-17 18:03:59:359 [31merror[39m: [31mUnauthorizedError: Invalid token or session expired. [39m
[31mStack: UnauthorizedError: Invalid token or session expired.[39m
[31m    at file:///E:/Self%20Project/Finance-Management-System/node-server/middlewares/authMiddleware.js:27:11[39m
[31m    at process.processTicksAndRejections (node:internal/process/task_queues:105:5)[39m
2026-02-17 18:08:38:838 [31merror[39m: [31mUnauthorizedError: Invalid token or session expired. [39m
[31mStack: UnauthorizedError: Invalid token or session expired.[39m
[31m    at file:///E:/Self%20Project/Finance-Management-System/node-server/middlewares/authMiddleware.js:27:11[39m
[31m    at process.processTicksAndRejections (node:internal/process/task_queues:105:5)[39m
2026-02-17 18:08:38:838 [31merror[39m: [31mUnauthorizedError: Invalid token or session expired. [39m
[31mStack: UnauthorizedError: Invalid token or session expired.[39m
[31m    at file:///E:/Self%20Project/Finance-Management-System/node-server/middlewares/authMiddleware.js:27:11[39m
[31m    at process.processTicksAndRejections (node:internal/process/task_queues:105:5)[39m
2026-02-20 16:14:26:1426 [31merror[39m: [31mSequelizeHostNotFoundError: getaddrinfo ENOTFOUND aws-1-ap-south-1.pooler.supabase.com [39m
[31mStack: SequelizeHostNotFoundError: getaddrinfo ENOTFOUND aws-1-ap-south-1.pooler.supabase.com[39m
[31m    at Client._connectionCallback (E:\Self Project\Finance-Management-System\node-server\node_modules\sequelize\lib\dialects\postgres\connection-manager.js:136:24)[39m
[31m    at Client._handleErrorWhileConnecting (E:\Self Project\Finance-Management-System\node-server\node_modules\pg\lib\client.js:376:19)[39m
[31m    at Client._handleErrorEvent (E:\Self Project\Finance-Management-System\node-server\node_modules\pg\lib\client.js:386:19)[39m
[31m    at Connection.emit (node:events:518:28)[39m
[31m    at Socket.reportStreamError (E:\Self Project\Finance-Management-System\node-server\node_modules\pg\lib\connection.js:56:12)[39m
[31m    at Socket.emit (node:events:518:28)[39m
[31m    at emitErrorNT (node:internal/streams/destroy:170:8)[39m
[31m    at emitErrorCloseNT (node:internal/streams/destroy:129:3)[39m
[31m    at process.processTicksAndRejections (node:internal/process/task_queues:90:21)[39m
2026-02-20 16:14:46:1446 [31merror[39m: [31mSequelizeHostNotFoundError: getaddrinfo ENOTFOUND aws-1-ap-south-1.pooler.supabase.com [39m
[31mStack: SequelizeHostNotFoundError: getaddrinfo ENOTFOUND aws-1-ap-south-1.pooler.supabase.com[39m
[31m    at Client._connectionCallback (E:\Self Project\Finance-Management-System\node-server\node_modules\sequelize\lib\dialects\postgres\connection-manager.js:136:24)[39m
[31m    at Client._handleErrorWhileConnecting (E:\Self Project\Finance-Management-System\node-server\node_modules\pg\lib\client.js:376:19)[39m
[31m    at Client._handleErrorEvent (E:\Self Project\Finance-Management-System\node-server\node_modules\pg\lib\client.js:386:19)[39m
[31m    at Connection.emit (node:events:518:28)[39m
[31m    at Socket.reportStreamError (E:\Self Project\Finance-Management-System\node-server\node_modules\pg\lib\connection.js:56:12)[39m
[31m    at Socket.emit (node:events:518:28)[39m
[31m    at emitErrorNT (node:internal/streams/destroy:170:8)[39m
[31m    at emitErrorCloseNT (node:internal/streams/destroy:129:3)[39m
[31m    at process.processTicksAndRejections (node:internal/process/task_queues:90:21)[39m
2026-02-20 17:49:47:4947 [31merror[39m: [31mBadRequestError: errors.validation_error [39m
[31mStack: BadRequestError: errors.validation_error[39m
[31m    at BaseController.requireFields (file:///E:/Self%20Project/Finance-Management-System/node-server/bases/BaseController.js:27:13)[39m
[31m    at file:///E:/Self%20Project/Finance-Management-System/node-server/controllers/v1/categoryController.js:11:22[39m
[31m    at file:///E:/Self%20Project/Finance-Management-System/node-server/utils/AsyncHelper/Async.js:3:25[39m
[31m    at Layer.handleRequest (E:\Self Project\Finance-Management-System\node-server\node_modules\router\lib\layer.js:152:17)[39m
[31m    at next (E:\Self Project\Finance-Management-System\node-server\node_modules\router\lib\route.js:157:13)[39m
[31m    at Route.dispatch (E:\Self Project\Finance-Management-System\node-server\node_modules\router\lib\route.js:117:3)[39m
[31m    at handle (E:\Self Project\Finance-Management-System\node-server\node_modules\router\index.js:435:11)[39m
[31m    at Layer.handleRequest (E:\Self Project\Finance-Management-System\node-server\node_modules\router\lib\layer.js:152:17)[39m
[31m    at E:\Self Project\Finance-Management-System\node-server\node_modules\router\index.js:295:15[39m
[31m    at processParams (E:\Self Project\Finance-Management-System\node-server\node_modules\router\index.js:582:12)[39m
2026-02-20 19:48:32:4832 [31merror[39m: [31mUnauthorizedError: Invalid token or session expired. [39m
[31mStack: UnauthorizedError: Invalid token or session expired.[39m
[31m    at file:///E:/Self%20Project/Finance-Management-System/node-server/middlewares/authMiddleware.js:27:11[39m
[31m    at process.processTicksAndRejections (node:internal/process/task_queues:105:5)[39m
2026-02-20 19:48:32:4832 [31merror[39m: [31mUnauthorizedError: Invalid token or session expired. [39m
[31mStack: UnauthorizedError: Invalid token or session expired.[39m
[31m    at file:///E:/Self%20Project/Finance-Management-System/node-server/middlewares/authMiddleware.js:27:11[39m
[31m    at process.processTicksAndRejections (node:internal/process/task_queues:105:5)[39m
2026-02-20 20:15:10:1510 [31merror[39m: [31mUnauthorizedError: Invalid token or session expired. [39m
[31mStack: UnauthorizedError: Invalid token or session expired.[39m
[31m    at file:///E:/Self%20Project/Finance-Management-System/node-server/middlewares/authMiddleware.js:27:11[39m
[31m    at process.processTicksAndRejections (node:internal/process/task_queues:105:5)[39m
2026-02-20 20:15:10:1510 [31merror[39m: [31mUnauthorizedError: Invalid token or session expired. [39m
[31mStack: UnauthorizedError: Invalid token or session expired.[39m
[31m    at file:///E:/Self%20Project/Finance-Management-System/node-server/middlewares/authMiddleware.js:27:11[39m
[31m    at process.processTicksAndRejections (node:internal/process/task_queues:105:5)[39m
2026-02-20 20:19:03:193 [31merror[39m: [31mUnauthorizedError: Invalid token or session expired. [39m
[31mStack: UnauthorizedError: Invalid token or session expired.[39m
[31m    at file:///E:/Self%20Project/Finance-Management-System/node-server/middlewares/authMiddleware.js:27:11[39m
[31m    at process.processTicksAndRejections (node:internal/process/task_queues:105:5)[39m
2026-02-20 20:19:03:193 [31merror[39m: [31mUnauthorizedError: Invalid token or session expired. [39m
[31mStack: UnauthorizedError: Invalid token or session expired.[39m
[31m    at file:///E:/Self%20Project/Finance-Management-System/node-server/middlewares/authMiddleware.js:27:11[39m
[31m    at process.processTicksAndRejections (node:internal/process/task_queues:105:5)[39m
2026-02-20 21:02:59:259 [31merror[39m: [31mSequelizeEagerLoadingError: Account is associated to Debt using an alias. You've included an alias (Account), but it does not match the alias(es) defined in your association (account). [39m
[31mStack: SequelizeEagerLoadingError: Account is associated to Debt using an alias. You've included an alias (Account), but it does not match the alias(es) defined in your association (account).[39m
[31m    at Debt._getIncludedAssociation (E:\Self Project\Finance-Management-System\node-server\node_modules\sequelize\lib\model.js:574:15)[39m
[31m    at Debt._validateIncludedElement (E:\Self Project\Finance-Management-System\node-server\node_modules\sequelize\lib\model.js:502:53)[39m
[31m    at E:\Self Project\Finance-Management-System\node-server\node_modules\sequelize\lib\model.js:421:37[39m
[31m    at Array.map (<anonymous>)[39m
[31m    at Debt._validateIncludedElements (E:\Self Project\Finance-Management-System\node-server\node_modules\sequelize\lib\model.js:417:39)[39m
[31m    at Debt.findAll (E:\Self Project\Finance-Management-System\node-server\node_modules\sequelize\lib\model.js:1124:12)[39m
[31m    at process.processTicksAndRejections (node:internal/process/task_queues:105:5)[39m
[31m    at async file:///E:/Self%20Project/Finance-Management-System/node-server/controllers/v1/deptController.js:59:19[39m
2026-02-20 21:03:53:353 [31merror[39m: [31mSequelizeEagerLoadingError: Account is associated to Debt using an alias. You've included an alias (Account), but it does not match the alias(es) defined in your association (account). [39m
[31mStack: SequelizeEagerLoadingError: Account is associated to Debt using an alias. You've included an alias (Account), but it does not match the alias(es) defined in your association (account).[39m
[31m    at Debt._getIncludedAssociation (E:\Self Project\Finance-Management-System\node-server\node_modules\sequelize\lib\model.js:574:15)[39m
[31m    at Debt._validateIncludedElement (E:\Self Project\Finance-Management-System\node-server\node_modules\sequelize\lib\model.js:502:53)[39m
[31m    at E:\Self Project\Finance-Management-System\node-server\node_modules\sequelize\lib\model.js:421:37[39m
[31m    at Array.map (<anonymous>)[39m
[31m    at Debt._validateIncludedElements (E:\Self Project\Finance-Management-System\node-server\node_modules\sequelize\lib\model.js:417:39)[39m
[31m    at Debt.findAll (E:\Self Project\Finance-Management-System\node-server\node_modules\sequelize\lib\model.js:1124:12)[39m
[31m    at process.processTicksAndRejections (node:internal/process/task_queues:105:5)[39m
[31m    at async file:///E:/Self%20Project/Finance-Management-System/node-server/controllers/v1/deptController.js:59:19[39m
2026-02-20 21:10:27:1027 [31merror[39m: [31mSequelizeEagerLoadingError: Account is associated to Debt using an alias. You've included an alias (Account), but it does not match the alias(es) defined in your association (account). [39m
[31mStack: SequelizeEagerLoadingError: Account is associated to Debt using an alias. You've included an alias (Account), but it does not match the alias(es) defined in your association (account).[39m
[31m    at Debt._getIncludedAssociation (E:\Self Project\Finance-Management-System\node-server\node_modules\sequelize\lib\model.js:574:15)[39m
[31m    at Debt._validateIncludedElement (E:\Self Project\Finance-Management-System\node-server\node_modules\sequelize\lib\model.js:502:53)[39m
[31m    at E:\Self Project\Finance-Management-System\node-server\node_modules\sequelize\lib\model.js:421:37[39m
[31m    at Array.map (<anonymous>)[39m
[31m    at Debt._validateIncludedElements (E:\Self Project\Finance-Management-System\node-server\node_modules\sequelize\lib\model.js:417:39)[39m
[31m    at Debt.findAll (E:\Self Project\Finance-Management-System\node-server\node_modules\sequelize\lib\model.js:1124:12)[39m
[31m    at process.processTicksAndRejections (node:internal/process/task_queues:105:5)[39m
[31m    at async Debt.findOne (E:\Self Project\Finance-Management-System\node-server\node_modules\sequelize\lib\model.js:1240:12)[39m
[31m    at async Debt.findByPk (E:\Self Project\Finance-Management-System\node-server\node_modules\sequelize\lib\model.js:1221:12)[39m
[31m    at async file:///E:/Self%20Project/Finance-Management-System/node-server/controllers/v1/deptController.js:44:16[39m
2026-02-20 21:10:34:1034 [31merror[39m: [31mSequelizeEagerLoadingError: Account is associated to Debt using an alias. You've included an alias (Account), but it does not match the alias(es) defined in your association (account). [39m
[31mStack: SequelizeEagerLoadingError: Account is associated to Debt using an alias. You've included an alias (Account), but it does not match the alias(es) defined in your association (account).[39m
[31m    at Debt._getIncludedAssociation (E:\Self Project\Finance-Management-System\node-server\node_modules\sequelize\lib\model.js:574:15)[39m
[31m    at Debt._validateIncludedElement (E:\Self Project\Finance-Management-System\node-server\node_modules\sequelize\lib\model.js:502:53)[39m
[31m    at E:\Self Project\Finance-Management-System\node-server\node_modules\sequelize\lib\model.js:421:37[39m
[31m    at Array.map (<anonymous>)[39m
[31m    at Debt._validateIncludedElements (E:\Self Project\Finance-Management-System\node-server\node_modules\sequelize\lib\model.js:417:39)[39m
[31m    at Debt.findAll (E:\Self Project\Finance-Management-System\node-server\node_modules\sequelize\lib\model.js:1124:12)[39m
[31m    at process.processTicksAndRejections (node:internal/process/task_queues:105:5)[39m
[31m    at async Debt.findOne (E:\Self Project\Finance-Management-System\node-server\node_modules\sequelize\lib\model.js:1240:12)[39m
[31m    at async Debt.findByPk (E:\Self Project\Finance-Management-System\node-server\node_modules\sequelize\lib\model.js:1221:12)[39m
[31m    at async file:///E:/Self%20Project/Finance-Management-System/node-server/controllers/v1/deptController.js:44:16[39m
2026-02-20 21:36:56:3656 [31merror[39m: [31mUnauthorizedError: error.unauthorized [39m
[31mStack: UnauthorizedError: error.unauthorized[39m
[31m    at file:///E:/Self%20Project/Finance-Management-System/node-server/controllers/v1/authController.js:218:11[39m
[31m    at process.processTicksAndRejections (node:internal/process/task_queues:105:5)[39m
2026-02-20 21:42:13:4213 [31merror[39m: [31mReferenceError: Transaction is not defined [39m
[31mStack: ReferenceError: Transaction is not defined[39m
[31m    at file:///E:/Self%20Project/Finance-Management-System/node-server/controllers/v1/deptController.js:126:24[39m
[31m    at file:///E:/Self%20Project/Finance-Management-System/node-server/utils/AsyncHelper/Async.js:3:25[39m
[31m    at Layer.handleRequest (E:\Self Project\Finance-Management-System\node-server\node_modules\router\lib\layer.js:152:17)[39m
[31m    at next (E:\Self Project\Finance-Management-System\node-server\node_modules\router\lib\route.js:157:13)[39m
[31m    at Route.dispatch (E:\Self Project\Finance-Management-System\node-server\node_modules\router\lib\route.js:117:3)[39m
[31m    at handle (E:\Self Project\Finance-Management-System\node-server\node_modules\router\index.js:435:11)[39m
[31m    at Layer.handleRequest (E:\Self Project\Finance-Management-System\node-server\node_modules\router\lib\layer.js:152:17)[39m
[31m    at E:\Self Project\Finance-Management-System\node-server\node_modules\router\index.js:295:15[39m
[31m    at param (E:\Self Project\Finance-Management-System\node-server\node_modules\router\index.js:600:14)[39m
[31m    at param (E:\Self Project\Finance-Management-System\node-server\node_modules\router\index.js:610:14)[39m
2026-02-20 22:04:54:454 [31merror[39m: [31mReferenceError: Op is not defined [39m
[31mStack: ReferenceError: Op is not defined[39m
[31m    at file:///E:/Self%20Project/Finance-Management-System/node-server/controllers/v1/deptController.js:186:33[39m
[31m    at file:///E:/Self%20Project/Finance-Management-System/node-server/utils/AsyncHelper/Async.js:3:25[39m
[31m    at Layer.handleRequest (E:\Self Project\Finance-Management-System\node-server\node_modules\router\lib\layer.js:152:17)[39m
[31m    at next (E:\Self Project\Finance-Management-System\node-server\node_modules\router\lib\route.js:157:13)[39m
[31m    at Route.dispatch (E:\Self Project\Finance-Management-System\node-server\node_modules\router\lib\route.js:117:3)[39m
[31m    at handle (E:\Self Project\Finance-Management-System\node-server\node_modules\router\index.js:435:11)[39m
[31m    at Layer.handleRequest (E:\Self Project\Finance-Management-System\node-server\node_modules\router\lib\layer.js:152:17)[39m
[31m    at E:\Self Project\Finance-Management-System\node-server\node_modules\router\index.js:295:15[39m
[31m    at param (E:\Self Project\Finance-Management-System\node-server\node_modules\router\index.js:600:14)[39m
[31m    at param (E:\Self Project\Finance-Management-System\node-server\node_modules\router\index.js:610:14)[39m
2026-02-20 22:04:54:454 [31merror[39m: [31mReferenceError: Op is not defined [39m
[31mStack: ReferenceError: Op is not defined[39m
[31m    at file:///E:/Self%20Project/Finance-Management-System/node-server/controllers/v1/deptController.js:186:33[39m
[31m    at file:///E:/Self%20Project/Finance-Management-System/node-server/utils/AsyncHelper/Async.js:3:25[39m
[31m    at Layer.handleRequest (E:\Self Project\Finance-Management-System\node-server\node_modules\router\lib\layer.js:152:17)[39m
[31m    at next (E:\Self Project\Finance-Management-System\node-server\node_modules\router\lib\route.js:157:13)[39m
[31m    at Route.dispatch (E:\Self Project\Finance-Management-System\node-server\node_modules\router\lib\route.js:117:3)[39m
[31m    at handle (E:\Self Project\Finance-Management-System\node-server\node_modules\router\index.js:435:11)[39m
[31m    at Layer.handleRequest (E:\Self Project\Finance-Management-System\node-server\node_modules\router\lib\layer.js:152:17)[39m
[31m    at E:\Self Project\Finance-Management-System\node-server\node_modules\router\index.js:295:15[39m
[31m    at param (E:\Self Project\Finance-Management-System\node-server\node_modules\router\index.js:600:14)[39m
[31m    at param (E:\Self Project\Finance-Management-System\node-server\node_modules\router\index.js:610:14)[39m
2026-02-20 22:21:12:2112 [31merror[39m: [31mSequelizeDatabaseError: invalid input syntax for type uuid: "undefined" [39m
[31mStack: Error[39m
[31m    at Query.run (E:\Self Project\Finance-Management-System\node-server\node_modules\sequelize\lib\dialects\postgres\query.js:50:25)[39m
[31m    at E:\Self Project\Finance-Management-System\node-server\node_modules\sequelize\lib\sequelize.js:315:28[39m
[31m    at process.processTicksAndRejections (node:internal/process/task_queues:105:5)[39m
[31m    at async PostgresQueryInterface.select (E:\Self Project\Finance-Management-System\node-server\node_modules\sequelize\lib\dialects\abstract\query-interface.js:407:12)[39m
[31m    at async Debt.findAll (E:\Self Project\Finance-Management-System\node-server\node_modules\sequelize\lib\model.js:1140:21)[39m
[31m    at async Debt.findOne (E:\Self Project\Finance-Management-System\node-server\node_modules\sequelize\lib\model.js:1240:12)[39m
[31m    at async Debt.findByPk (E:\Self Project\Finance-Management-System\node-server\node_modules\sequelize\lib\model.js:1221:12)[39m
[31m    at async file:///E:/Self%20Project/Finance-Management-System/node-server/controllers/v1/deptController.js:25:22[39m
[31m    at async E:\Self Project\Finance-Management-System\node-server\node_modules\sequelize\lib\sequelize.js:507:18[39m
[31m    at async file:///E:/Self%20Project/Finance-Management-System/node-server/controllers/v1/deptController.js:23:20[39m
2026-02-20 22:21:22:2122 [31merror[39m: [31mSequelizeDatabaseError: invalid input syntax for type uuid: "undefined" [39m
[31mStack: Error[39m
[31m    at Query.run (E:\Self Project\Finance-Management-System\node-server\node_modules\sequelize\lib\dialects\postgres\query.js:50:25)[39m
[31m    at E:\Self Project\Finance-Management-System\node-server\node_modules\sequelize\lib\sequelize.js:315:28[39m
[31m    at process.processTicksAndRejections (node:internal/process/task_queues:105:5)[39m
[31m    at async PostgresQueryInterface.select (E:\Self Project\Finance-Management-System\node-server\node_modules\sequelize\lib\dialects\abstract\query-interface.js:407:12)[39m
[31m    at async Debt.findAll (E:\Self Project\Finance-Management-System\node-server\node_modules\sequelize\lib\model.js:1140:21)[39m
[31m    at async Debt.findOne (E:\Self Project\Finance-Management-System\node-server\node_modules\sequelize\lib\model.js:1240:12)[39m
[31m    at async Debt.findByPk (E:\Self Project\Finance-Management-System\node-server\node_modules\sequelize\lib\model.js:1221:12)[39m
[31m    at async file:///E:/Self%20Project/Finance-Management-System/node-server/controllers/v1/deptController.js:25:22[39m
[31m    at async E:\Self Project\Finance-Management-System\node-server\node_modules\sequelize\lib\sequelize.js:507:18[39m
[31m    at async file:///E:/Self%20Project/Finance-Management-System/node-server/controllers/v1/deptController.js:23:20[39m
2026-02-21 02:49:58:4958 [31merror[39m: [31mUnauthorizedError: Invalid token or session expired. [39m
[31mStack: UnauthorizedError: Invalid token or session expired.[39m
[31m    at file:///E:/Self%20Project/Finance-Management-System/node-server/middlewares/authMiddleware.js:27:11[39m
[31m    at process.processTicksAndRejections (node:internal/process/task_queues:105:5)[39m
2026-02-21 02:49:58:4958 [31merror[39m: [31mUnauthorizedError: Invalid token or session expired. [39m
[31mStack: UnauthorizedError: Invalid token or session expired.[39m
[31m    at file:///E:/Self%20Project/Finance-Management-System/node-server/middlewares/authMiddleware.js:27:11[39m
[31m    at process.processTicksAndRejections (node:internal/process/task_queues:105:5)[39m
2026-02-21 02:56:37:5637 [31merror[39m: [31mUnauthorizedError: error.unauthorized [39m
[31mStack: UnauthorizedError: error.unauthorized[39m
[31m    at file:///E:/Self%20Project/Finance-Management-System/node-server/controllers/v1/authController.js:218:11[39m
[31m    at process.processTicksAndRejections (node:internal/process/task_queues:105:5)[39m
2026-02-21 02:56:56:5656 [31merror[39m: [31mUnauthorizedError: error.unauthorized [39m
[31mStack: UnauthorizedError: error.unauthorized[39m
[31m    at file:///E:/Self%20Project/Finance-Management-System/node-server/controllers/v1/authController.js:218:11[39m
[31m    at process.processTicksAndRejections (node:internal/process/task_queues:105:5)[39m
2026-02-21 13:15:13:1513 [31merror[39m: [31mUnauthorizedError: Invalid token or session expired. [39m
[31mStack: UnauthorizedError: Invalid token or session expired.[39m
[31m    at file:///E:/Self%20Project/Finance-Management-System/node-server/middlewares/authMiddleware.js:27:11[39m
[31m    at process.processTicksAndRejections (node:internal/process/task_queues:105:5)[39m
2026-02-21 13:15:13:1513 [31merror[39m: [31mUnauthorizedError: Invalid token or session expired. [39m
[31mStack: UnauthorizedError: Invalid token or session expired.[39m
[31m    at file:///E:/Self%20Project/Finance-Management-System/node-server/middlewares/authMiddleware.js:27:11[39m
[31m    at process.processTicksAndRejections (node:internal/process/task_queues:105:5)[39m
2026-02-21 13:15:13:1513 [31merror[39m: [31mSequelizeHostNotFoundError: getaddrinfo ENOTFOUND aws-1-ap-south-1.pooler.supabase.com [39m
[31mStack: SequelizeHostNotFoundError: getaddrinfo ENOTFOUND aws-1-ap-south-1.pooler.supabase.com[39m
[31m    at Client._connectionCallback (E:\Self Project\Finance-Management-System\node-server\node_modules\sequelize\lib\dialects\postgres\connection-manager.js:136:24)[39m
[31m    at Client._handleErrorWhileConnecting (E:\Self Project\Finance-Management-System\node-server\node_modules\pg\lib\client.js:376:19)[39m
[31m    at Client._handleErrorEvent (E:\Self Project\Finance-Management-System\node-server\node_modules\pg\lib\client.js:386:19)[39m
[31m    at Connection.emit (node:events:518:28)[39m
[31m    at Socket.reportStreamError (E:\Self Project\Finance-Management-System\node-server\node_modules\pg\lib\connection.js:56:12)[39m
[31m    at Socket.emit (node:events:518:28)[39m
[31m    at emitErrorNT (node:internal/streams/destroy:170:8)[39m
[31m    at emitErrorCloseNT (node:internal/streams/destroy:129:3)[39m
[31m    at process.processTicksAndRejections (node:internal/process/task_queues:90:21)[39m
2026-02-24 00:33:18:3318 [31merror[39m: [31mUnauthorizedError: Invalid token or session expired. [39m
[31mStack: UnauthorizedError: Invalid token or session expired.[39m
[31m    at file:///E:/Self%20Project/Finance-Management-System/node-server/middlewares/authMiddleware.js:27:11[39m
[31m    at process.processTicksAndRejections (node:internal/process/task_queues:105:5)[39m
2026-02-26 15:24:48:2448 [31merror[39m: [31mError: Association with alias "Category" does not exist on Transaction [39m
[31mStack: Error: Association with alias "Category" does not exist on Transaction[39m
[31m    at Transaction._transformStringAssociation (E:\Self Project\Finance-Management-System\node-server\node_modules\sequelize\lib\model.js:275:15)[39m
[31m    at Transaction._conformInclude (E:\Self Project\Finance-Management-System\node-server\node_modules\sequelize\lib\model.js:286:22)[39m
[31m    at E:\Self Project\Finance-Management-System\node-server\node_modules\sequelize\lib\model.js:270:61[39m
[31m    at Array.map (<anonymous>)[39m
[31m    at Transaction._conformIncludes (E:\Self Project\Finance-Management-System\node-server\node_modules\sequelize\lib\model.js:270:39)[39m
[31m    at Transaction._baseMerge (E:\Self Project\Finance-Management-System\node-server\node_modules\sequelize\lib\model.js:622:10)[39m
[31m    at Transaction._defaultsOptions (E:\Self Project\Finance-Management-System\node-server\node_modules\sequelize\lib\model.js:656:17)[39m
[31m    at Transaction._injectScope (E:\Self Project\Finance-Management-System\node-server\node_modules\sequelize\lib\model.js:2053:10)[39m
[31m    at Transaction.findAll (E:\Self Project\Finance-Management-System\node-server\node_modules\sequelize\lib\model.js:1111:10)[39m
[31m    at Transaction.findAndCountAll (E:\Self Project\Finance-Management-System\node-server\node_modules\sequelize\lib\model.js:1324:12)[39m
2026-02-26 15:24:56:2456 [31merror[39m: [31mError: Association with alias "Category" does not exist on Transaction [39m
[31mStack: Error: Association with alias "Category" does not exist on Transaction[39m
[31m    at Transaction._transformStringAssociation (E:\Self Project\Finance-Management-System\node-server\node_modules\sequelize\lib\model.js:275:15)[39m
[31m    at Transaction._conformInclude (E:\Self Project\Finance-Management-System\node-server\node_modules\sequelize\lib\model.js:286:22)[39m
[31m    at E:\Self Project\Finance-Management-System\node-server\node_modules\sequelize\lib\model.js:270:61[39m
[31m    at Array.map (<anonymous>)[39m
[31m    at Transaction._conformIncludes (E:\Self Project\Finance-Management-System\node-server\node_modules\sequelize\lib\model.js:270:39)[39m
[31m    at Transaction._baseMerge (E:\Self Project\Finance-Management-System\node-server\node_modules\sequelize\lib\model.js:622:10)[39m
[31m    at Transaction._defaultsOptions (E:\Self Project\Finance-Management-System\node-server\node_modules\sequelize\lib\model.js:656:17)[39m
[31m    at Transaction._injectScope (E:\Self Project\Finance-Management-System\node-server\node_modules\sequelize\lib\model.js:2053:10)[39m
[31m    at Transaction.findAll (E:\Self Project\Finance-Management-System\node-server\node_modules\sequelize\lib\model.js:1111:10)[39m
[31m    at Transaction.findAndCountAll (E:\Self Project\Finance-Management-System\node-server\node_modules\sequelize\lib\model.js:1324:12)[39m
2026-02-26 15:24:57:2457 [31merror[39m: [31mError: Association with alias "Category" does not exist on Transaction [39m
[31mStack: Error: Association with alias "Category" does not exist on Transaction[39m
[31m    at Transaction._transformStringAssociation (E:\Self Project\Finance-Management-System\node-server\node_modules\sequelize\lib\model.js:275:15)[39m
[31m    at Transaction._conformInclude (E:\Self Project\Finance-Management-System\node-server\node_modules\sequelize\lib\model.js:286:22)[39m
[31m    at E:\Self Project\Finance-Management-System\node-server\node_modules\sequelize\lib\model.js:270:61[39m
[31m    at Array.map (<anonymous>)[39m
[31m    at Transaction._conformIncludes (E:\Self Project\Finance-Management-System\node-server\node_modules\sequelize\lib\model.js:270:39)[39m
[31m    at Transaction._baseMerge (E:\Self Project\Finance-Management-System\node-server\node_modules\sequelize\lib\model.js:622:10)[39m
[31m    at Transaction._defaultsOptions (E:\Self Project\Finance-Management-System\node-server\node_modules\sequelize\lib\model.js:656:17)[39m
[31m    at Transaction._injectScope (E:\Self Project\Finance-Management-System\node-server\node_modules\sequelize\lib\model.js:2053:10)[39m
[31m    at Transaction.findAll (E:\Self Project\Finance-Management-System\node-server\node_modules\sequelize\lib\model.js:1111:10)[39m
[31m    at Transaction.findAndCountAll (E:\Self Project\Finance-Management-System\node-server\node_modules\sequelize\lib\model.js:1324:12)[39m
2026-02-26 15:25:23:2523 [31merror[39m: [31mError: Association with alias "Category" does not exist on Transaction [39m
[31mStack: Error: Association with alias "Category" does not exist on Transaction[39m
[31m    at Transaction._transformStringAssociation (E:\Self Project\Finance-Management-System\node-server\node_modules\sequelize\lib\model.js:275:15)[39m
[31m    at Transaction._conformInclude (E:\Self Project\Finance-Management-System\node-server\node_modules\sequelize\lib\model.js:286:22)[39m
[31m    at E:\Self Project\Finance-Management-System\node-server\node_modules\sequelize\lib\model.js:270:61[39m
[31m    at Array.map (<anonymous>)[39m
[31m    at Transaction._conformIncludes (E:\Self Project\Finance-Management-System\node-server\node_modules\sequelize\lib\model.js:270:39)[39m
[31m    at Transaction._baseMerge (E:\Self Project\Finance-Management-System\node-server\node_modules\sequelize\lib\model.js:622:10)[39m
[31m    at Transaction._defaultsOptions (E:\Self Project\Finance-Management-System\node-server\node_modules\sequelize\lib\model.js:656:17)[39m
[31m    at Transaction._injectScope (E:\Self Project\Finance-Management-System\node-server\node_modules\sequelize\lib\model.js:2053:10)[39m
[31m    at Transaction.findAll (E:\Self Project\Finance-Management-System\node-server\node_modules\sequelize\lib\model.js:1111:10)[39m
[31m    at Transaction.findAndCountAll (E:\Self Project\Finance-Management-System\node-server\node_modules\sequelize\lib\model.js:1324:12)[39m
2026-02-26 15:29:43:2943 [31merror[39m: [31mReferenceError: Category is not defined [39m
[31mStack: ReferenceError: Category is not defined[39m
[31m    at file:///E:/Self%20Project/Finance-Management-System/node-server/controllers/v1/transactionController.js:83:26[39m
[31m    at file:///E:/Self%20Project/Finance-Management-System/node-server/utils/AsyncHelper/Async.js:3:25[39m
[31m    at Layer.handleRequest (E:\Self Project\Finance-Management-System\node-server\node_modules\router\lib\layer.js:152:17)[39m
[31m    at next (E:\Self Project\Finance-Management-System\node-server\node_modules\router\lib\route.js:157:13)[39m
[31m    at Route.dispatch (E:\Self Project\Finance-Management-System\node-server\node_modules\router\lib\route.js:117:3)[39m
[31m    at handle (E:\Self Project\Finance-Management-System\node-server\node_modules\router\index.js:435:11)[39m
[31m    at Layer.handleRequest (E:\Self Project\Finance-Management-System\node-server\node_modules\router\lib\layer.js:152:17)[39m
[31m    at E:\Self Project\Finance-Management-System\node-server\node_modules\router\index.js:295:15[39m
[31m    at param (E:\Self Project\Finance-Management-System\node-server\node_modules\router\index.js:600:14)[39m
[31m    at param (E:\Self Project\Finance-Management-System\node-server\node_modules\router\index.js:610:14)[39m
2026-02-26 17:20:04:204 [31merror[39m: [31mUnauthorizedError: Invalid token or session expired. [39m
[31mStack: UnauthorizedError: Invalid token or session expired.[39m
[31m    at file:///E:/Self%20Project/Finance-Management-System/node-server/middlewares/authMiddleware.js:27:11[39m
[31m    at process.processTicksAndRejections (node:internal/process/task_queues:105:5)[39m
2026-02-26 17:20:04:204 [31merror[39m: [31mUnauthorizedError: Invalid token or session expired. [39m
[31mStack: UnauthorizedError: Invalid token or session expired.[39m
[31m    at file:///E:/Self%20Project/Finance-Management-System/node-server/middlewares/authMiddleware.js:27:11[39m
[31m    at process.processTicksAndRejections (node:internal/process/task_queues:105:5)[39m
2026-02-26 17:29:11:2911 [31merror[39m: [31mUnauthorizedError: Invalid token or session expired. [39m
[31mStack: UnauthorizedError: Invalid token or session expired.[39m
[31m    at file:///E:/Self%20Project/Finance-Management-System/node-server/middlewares/authMiddleware.js:27:11[39m
[31m    at process.processTicksAndRejections (node:internal/process/task_queues:105:5)[39m
2026-02-26 17:29:11:2911 [31merror[39m: [31mUnauthorizedError: Invalid token or session expired. [39m
[31mStack: UnauthorizedError: Invalid token or session expired.[39m
[31m    at file:///E:/Self%20Project/Finance-Management-System/node-server/middlewares/authMiddleware.js:27:11[39m
[31m    at process.processTicksAndRejections (node:internal/process/task_queues:105:5)[39m
2026-02-26 17:29:19:2919 [31merror[39m: [31mUnauthorizedError: Invalid token or session expired. [39m
[31mStack: UnauthorizedError: Invalid token or session expired.[39m
[31m    at file:///E:/Self%20Project/Finance-Management-System/node-server/middlewares/authMiddleware.js:27:11[39m
[31m    at process.processTicksAndRejections (node:internal/process/task_queues:105:5)[39m
2026-02-26 17:41:38:4138 [31merror[39m: [31mUnauthorizedError: Invalid token or session expired. [39m
[31mStack: UnauthorizedError: Invalid token or session expired.[39m
[31m    at file:///E:/Self%20Project/Finance-Management-System/node-server/middlewares/authMiddleware.js:27:11[39m
[31m    at process.processTicksAndRejections (node:internal/process/task_queues:105:5)[39m
2026-02-26 17:41:40:4140 [31merror[39m: [31mUnauthorizedError: Invalid token or session expired. [39m
[31mStack: UnauthorizedError: Invalid token or session expired.[39m
[31m    at file:///E:/Self%20Project/Finance-Management-System/node-server/middlewares/authMiddleware.js:27:11[39m
[31m    at process.processTicksAndRejections (node:internal/process/task_queues:105:5)[39m
2026-03-09 21:57:18:5718 [31merror[39m: [31mInternalServer: Role assignment failed. Signup rolled back.[39m
2026-03-09 21:57:18:5718 [31merror[39m: [31mInternalServerError: Role assignment failed. Signup rolled back. [39m
[31mStack: InternalServerError: Role assignment failed. Signup rolled back.[39m
[31m    at file:///E:/Self%20Project/Finance-Management-System/node-server/controllers/v1/authController.js:118:11[39m
[31m    at process.processTicksAndRejections (node:internal/process/task_queues:105:5)[39m
2026-03-09 21:57:34:5734 [31merror[39m: [31mBadRequestError: User already registered [39m
[31mStack: BadRequestError: User already registered[39m
[31m    at file:///E:/Self%20Project/Finance-Management-System/node-server/controllers/v1/authController.js:100:11[39m
[31m    at process.processTicksAndRejections (node:internal/process/task_queues:105:5)[39m
2026-03-09 21:58:09:589 [31merror[39m: [31mInternalServer: Role assignment failed. Signup rolled back.[39m
2026-03-09 21:58:09:589 [31merror[39m: [31mInternalServerError: Role assignment failed. Signup rolled back. [39m
[31mStack: InternalServerError: Role assignment failed. Signup rolled back.[39m
[31m    at file:///E:/Self%20Project/Finance-Management-System/node-server/controllers/v1/authController.js:118:11[39m
[31m    at process.processTicksAndRejections (node:internal/process/task_queues:105:5)[39m
2026-03-09 22:01:11:111 [31merror[39m: [31mInternalServer: Role assignment failed. Signup rolled back.[39m
2026-03-09 22:01:11:111 [31merror[39m: [31mInternalServerError: Role assignment failed. Signup rolled back. [39m
[31mStack: InternalServerError: Role assignment failed. Signup rolled back.[39m
[31m    at file:///E:/Self%20Project/Finance-Management-System/node-server/controllers/v1/authController.js:118:11[39m
[31m    at process.processTicksAndRejections (node:internal/process/task_queues:105:5)[39m
2026-03-09 22:03:16:316 [31merror[39m: [31mInternalServer: Role assignment failed. Signup rolled back.[39m
2026-03-09 22:03:16:316 [31merror[39m: [31mInternalServerError: Role assignment failed. Signup rolled back. [39m
[31mStack: InternalServerError: Role assignment failed. Signup rolled back.[39m
[31m    at file:///E:/Self%20Project/Finance-Management-System/node-server/controllers/v1/authController.js:118:11[39m
[31m    at process.processTicksAndRejections (node:internal/process/task_queues:105:5)[39m
2026-03-10 02:40:20:4020 [31merror[39m: [31mUnauthorizedError: Invalid token or session expired. [39m
[31mStack: UnauthorizedError: Invalid token or session expired.[39m
[31m    at file:///E:/Self%20Project/Finance-Management-System/node-server/middlewares/authMiddleware.js:27:11[39m
[31m    at process.processTicksAndRejections (node:internal/process/task_queues:105:5)[39m
2026-03-10 02:41:33:4133 [31merror[39m: [31mUnauthorizedError: Invalid token or session expired. [39m
[31mStack: UnauthorizedError: Invalid token or session expired.[39m
[31m    at file:///E:/Self%20Project/Finance-Management-System/node-server/middlewares/authMiddleware.js:27:11[39m
[31m    at process.processTicksAndRejections (node:internal/process/task_queues:105:5)[39m
2026-03-10 02:42:29:4229 [31merror[39m: [31mUnauthorizedError: Invalid token or session expired. [39m
[31mStack: UnauthorizedError: Invalid token or session expired.[39m
[31m    at file:///E:/Self%20Project/Finance-Management-System/node-server/middlewares/authMiddleware.js:27:11[39m
[31m    at process.processTicksAndRejections (node:internal/process/task_queues:105:5)[39m
2026-03-10 02:44:31:4431 [31merror[39m: [31mUnauthorizedError: Invalid token or session expired. [39m
[31mStack: UnauthorizedError: Invalid token or session expired.[39m
[31m    at file:///E:/Self%20Project/Finance-Management-System/node-server/middlewares/authMiddleware.js:27:11[39m
[31m    at process.processTicksAndRejections (node:internal/process/task_queues:105:5)[39m
2026-03-10 02:45:33:4533 [31merror[39m: [31mUnauthorizedError: Invalid token or session expired. [39m
[31mStack: UnauthorizedError: Invalid token or session expired.[39m
[31m    at file:///E:/Self%20Project/Finance-Management-System/node-server/middlewares/authMiddleware.js:27:11[39m
[31m    at process.processTicksAndRejections (node:internal/process/task_queues:105:5)[39m
2026-03-10 02:47:52:4752 [31merror[39m: [31mUnauthorizedError: Invalid token or session expired. [39m
[31mStack: UnauthorizedError: Invalid token or session expired.[39m
[31m    at file:///E:/Self%20Project/Finance-Management-System/node-server/middlewares/authMiddleware.js:27:11[39m
[31m    at process.processTicksAndRejections (node:internal/process/task_queues:105:5)[39m
2026-03-10 02:50:47:5047 [31merror[39m: [31mUnauthorizedError: Invalid token or session expired. [39m
[31mStack: UnauthorizedError: Invalid token or session expired.[39m
[31m    at file:///E:/Self%20Project/Finance-Management-System/node-server/middlewares/authMiddleware.js:27:11[39m
[31m    at process.processTicksAndRejections (node:internal/process/task_queues:105:5)[39m
2026-03-10 02:53:45:5345 [31merror[39m: [31mUnauthorizedError: Invalid token or session expired. [39m
[31mStack: UnauthorizedError: Invalid token or session expired.[39m
[31m    at file:///E:/Self%20Project/Finance-Management-System/node-server/middlewares/authMiddleware.js:27:11[39m
[31m    at process.processTicksAndRejections (node:internal/process/task_queues:105:5)[39m
2026-03-10 02:56:18:5618 [31merror[39m: [31mUnauthorizedError: Invalid token or session expired. [39m
[31mStack: UnauthorizedError: Invalid token or session expired.[39m
[31m    at file:///E:/Self%20Project/Finance-Management-System/node-server/middlewares/authMiddleware.js:27:11[39m
[31m    at process.processTicksAndRejections (node:internal/process/task_queues:105:5)[39m
2026-03-10 02:57:28:5728 [31merror[39m: [31mUnauthorizedError: Invalid token or session expired. [39m
[31mStack: UnauthorizedError: Invalid token or session expired.[39m
[31m    at file:///E:/Self%20Project/Finance-Management-System/node-server/middlewares/authMiddleware.js:27:11[39m
[31m    at process.processTicksAndRejections (node:internal/process/task_queues:105:5)[39m
2026-03-10 03:01:02:12 [31merror[39m: [31mUnauthorizedError: Invalid token or session expired. [39m
[31mStack: UnauthorizedError: Invalid token or session expired.[39m
[31m    at file:///E:/Self%20Project/Finance-Management-System/node-server/middlewares/authMiddleware.js:27:11[39m
[31m    at process.processTicksAndRejections (node:internal/process/task_queues:105:5)[39m
2026-03-10 03:01:34:134 [31merror[39m: [31mUnauthorizedError: Invalid token or session expired. [39m
[31mStack: UnauthorizedError: Invalid token or session expired.[39m
[31m    at file:///E:/Self%20Project/Finance-Management-System/node-server/middlewares/authMiddleware.js:27:11[39m
[31m    at process.processTicksAndRejections (node:internal/process/task_queues:105:5)[39m
2026-03-10 03:02:17:217 [31merror[39m: [31mUnauthorizedError: Invalid token or session expired. [39m
[31mStack: UnauthorizedError: Invalid token or session expired.[39m
[31m    at file:///E:/Self%20Project/Finance-Management-System/node-server/middlewares/authMiddleware.js:27:11[39m
[31m    at process.processTicksAndRejections (node:internal/process/task_queues:105:5)[39m
2026-03-10 03:05:57:557 [31merror[39m: [31mUnauthorizedError: Invalid token or session expired. [39m
[31mStack: UnauthorizedError: Invalid token or session expired.[39m
[31m    at file:///E:/Self%20Project/Finance-Management-System/node-server/middlewares/authMiddleware.js:27:11[39m
[31m    at process.processTicksAndRejections (node:internal/process/task_queues:105:5)[39m
2026-03-10 03:06:11:611 [31merror[39m: [31mUnauthorizedError: error.unauthorized [39m
[31mStack: UnauthorizedError: error.unauthorized[39m
[31m    at file:///E:/Self%20Project/Finance-Management-System/node-server/controllers/v1/authController.js:218:11[39m
[31m    at process.processTicksAndRejections (node:internal/process/task_queues:105:5)[39m
2026-03-10 03:06:17:617 [31merror[39m: [31mUnauthorizedError: error.unauthorized [39m
[31mStack: UnauthorizedError: error.unauthorized[39m
[31m    at file:///E:/Self%20Project/Finance-Management-System/node-server/controllers/v1/authController.js:218:11[39m
[31m    at process.processTicksAndRejections (node:internal/process/task_queues:105:5)[39m
2026-03-10 05:05:55:555 [31merror[39m: [31mSequelizeHostNotFoundError: getaddrinfo ENOTFOUND aws-1-ap-south-1.pooler.supabase.com [39m
[31mStack: SequelizeHostNotFoundError: getaddrinfo ENOTFOUND aws-1-ap-south-1.pooler.supabase.com[39m
[31m    at Client._connectionCallback (E:\Self Project\Finance-Management-System\node-server\node_modules\sequelize\lib\dialects\postgres\connection-manager.js:136:24)[39m
[31m    at Client._handleErrorWhileConnecting (E:\Self Project\Finance-Management-System\node-server\node_modules\pg\lib\client.js:376:19)[39m
[31m    at Client._handleErrorEvent (E:\Self Project\Finance-Management-System\node-server\node_modules\pg\lib\client.js:386:19)[39m
[31m    at Connection.emit (node:events:518:28)[39m
[31m    at Socket.reportStreamError (E:\Self Project\Finance-Management-System\node-server\node_modules\pg\lib\connection.js:56:12)[39m
[31m    at Socket.emit (node:events:518:28)[39m
[31m    at emitErrorNT (node:internal/streams/destroy:170:8)[39m
[31m    at emitErrorCloseNT (node:internal/streams/destroy:129:3)[39m
[31m    at process.processTicksAndRejections (node:internal/process/task_queues:90:21)[39m
2026-03-10 07:35:55:3555 [31merror[39m: [31mUnauthorizedError: Invalid token or session expired. [39m
[31mStack: UnauthorizedError: Invalid token or session expired.[39m
[31m    at file:///E:/Self%20Project/Finance-Management-System/node-server/middlewares/authMiddleware.js:27:11[39m
[31m    at process.processTicksAndRejections (node:internal/process/task_queues:105:5)[39m
2026-03-10 07:35:56:3556 [31merror[39m: [31mUnauthorizedError: Invalid token or session expired. [39m
[31mStack: UnauthorizedError: Invalid token or session expired.[39m
[31m    at file:///E:/Self%20Project/Finance-Management-System/node-server/middlewares/authMiddleware.js:27:11[39m
[31m    at process.processTicksAndRejections (node:internal/process/task_queues:105:5)[39m
2026-03-11 08:20:54:2054 [31merror[39m: [31mUnauthorizedError: error.unauthorized [39m
[31mStack: UnauthorizedError: error.unauthorized[39m
[31m    at file:///E:/Self%20Project/Finance-Management-System/node-server/controllers/v1/authController.js:218:11[39m
[31m    at process.processTicksAndRejections (node:internal/process/task_queues:105:5)[39m
2026-03-11 08:21:00:210 [31merror[39m: [31mBadRequestError: errors.validation_error [39m
[31mStack: BadRequestError: errors.validation_error[39m
[31m    at BaseController.validatePassword (file:///E:/Self%20Project/Finance-Management-System/node-server/bases/BaseController.js:79:13)[39m
[31m    at file:///E:/Self%20Project/Finance-Management-System/node-server/controllers/v1/authController.js:210:18[39m
[31m    at file:///E:/Self%20Project/Finance-Management-System/node-server/utils/AsyncHelper/Async.js:3:25[39m
[31m    at Layer.handleRequest (E:\Self Project\Finance-Management-System\node-server\node_modules\router\lib\layer.js:152:17)[39m
[31m    at next (E:\Self Project\Finance-Management-System\node-server\node_modules\router\lib\route.js:157:13)[39m
[31m    at Route.dispatch (E:\Self Project\Finance-Management-System\node-server\node_modules\router\lib\route.js:117:3)[39m
[31m    at handle (E:\Self Project\Finance-Management-System\node-server\node_modules\router\index.js:435:11)[39m
[31m    at Layer.handleRequest (E:\Self Project\Finance-Management-System\node-server\node_modules\router\lib\layer.js:152:17)[39m
[31m    at E:\Self Project\Finance-Management-System\node-server\node_modules\router\index.js:295:15[39m
[31m    at processParams (E:\Self Project\Finance-Management-System\node-server\node_modules\router\index.js:582:12)[39m
2026-03-11 08:21:00:210 [31merror[39m: [31mBadRequestError: errors.validation_error [39m
[31mStack: BadRequestError: errors.validation_error[39m
[31m    at BaseController.validatePassword (file:///E:/Self%20Project/Finance-Management-System/node-server/bases/BaseController.js:79:13)[39m
[31m    at file:///E:/Self%20Project/Finance-Management-System/node-server/controllers/v1/authController.js:210:18[39m
[31m    at file:///E:/Self%20Project/Finance-Management-System/node-server/utils/AsyncHelper/Async.js:3:25[39m
[31m    at Layer.handleRequest (E:\Self Project\Finance-Management-System\node-server\node_modules\router\lib\layer.js:152:17)[39m
[31m    at next (E:\Self Project\Finance-Management-System\node-server\node_modules\router\lib\route.js:157:13)[39m
[31m    at Route.dispatch (E:\Self Project\Finance-Management-System\node-server\node_modules\router\lib\route.js:117:3)[39m
[31m    at handle (E:\Self Project\Finance-Management-System\node-server\node_modules\router\index.js:435:11)[39m
[31m    at Layer.handleRequest (E:\Self Project\Finance-Management-System\node-server\node_modules\router\lib\layer.js:152:17)[39m
[31m    at E:\Self Project\Finance-Management-System\node-server\node_modules\router\index.js:295:15[39m
[31m    at processParams (E:\Self Project\Finance-Management-System\node-server\node_modules\router\index.js:582:12)[39m
2026-03-11 08:22:11:2211 [31merror[39m: [31mBadRequestError: errors.validation_error [39m
[31mStack: BadRequestError: errors.validation_error[39m
[31m    at BaseController.validatePassword (file:///E:/Self%20Project/Finance-Management-System/node-server/bases/BaseController.js:79:13)[39m
[31m    at file:///E:/Self%20Project/Finance-Management-System/node-server/controllers/v1/authController.js:210:18[39m
[31m    at file:///E:/Self%20Project/Finance-Management-System/node-server/utils/AsyncHelper/Async.js:3:25[39m
[31m    at Layer.handleRequest (E:\Self Project\Finance-Management-System\node-server\node_modules\router\lib\layer.js:152:17)[39m
[31m    at next (E:\Self Project\Finance-Management-System\node-server\node_modules\router\lib\route.js:157:13)[39m
[31m    at Route.dispatch (E:\Self Project\Finance-Management-System\node-server\node_modules\router\lib\route.js:117:3)[39m
[31m    at handle (E:\Self Project\Finance-Management-System\node-server\node_modules\router\index.js:435:11)[39m
[31m    at Layer.handleRequest (E:\Self Project\Finance-Management-System\node-server\node_modules\router\lib\layer.js:152:17)[39m
[31m    at E:\Self Project\Finance-Management-System\node-server\node_modules\router\index.js:295:15[39m
[31m    at processParams (E:\Self Project\Finance-Management-System\node-server\node_modules\router\index.js:582:12)[39m
2026-03-11 08:22:34:2234 [31merror[39m: [31mBadRequestError: errors.validation_error [39m
[31mStack: BadRequestError: errors.validation_error[39m
[31m    at BaseController.validatePassword (file:///E:/Self%20Project/Finance-Management-System/node-server/bases/BaseController.js:79:13)[39m
[31m    at file:///E:/Self%20Project/Finance-Management-System/node-server/controllers/v1/authController.js:210:18[39m
[31m    at file:///E:/Self%20Project/Finance-Management-System/node-server/utils/AsyncHelper/Async.js:3:25[39m
[31m    at Layer.handleRequest (E:\Self Project\Finance-Management-System\node-server\node_modules\router\lib\layer.js:152:17)[39m
[31m    at next (E:\Self Project\Finance-Management-System\node-server\node_modules\router\lib\route.js:157:13)[39m
[31m    at Route.dispatch (E:\Self Project\Finance-Management-System\node-server\node_modules\router\lib\route.js:117:3)[39m
[31m    at handle (E:\Self Project\Finance-Management-System\node-server\node_modules\router\index.js:435:11)[39m
[31m    at Layer.handleRequest (E:\Self Project\Finance-Management-System\node-server\node_modules\router\lib\layer.js:152:17)[39m
[31m    at E:\Self Project\Finance-Management-System\node-server\node_modules\router\index.js:295:15[39m
[31m    at processParams (E:\Self Project\Finance-Management-System\node-server\node_modules\router\index.js:582:12)[39m
2026-03-11 09:07:51:751 [31merror[39m: [31mUnauthorizedError: Invalid token or session expired. [39m
[31mStack: UnauthorizedError: Invalid token or session expired.[39m
[31m    at file:///E:/Self%20Project/Finance-Management-System/node-server/middlewares/authMiddleware.js:27:11[39m
[31m    at processTicksAndRejections (node:internal/process/task_queues:105:5)[39m
[31m    at runNextTicks (node:internal/process/task_queues:69:3)[39m
[31m    at process.processImmediate (node:internal/timers:453:9)[39m
2026-03-11 09:07:51:751 [31merror[39m: [31mUnauthorizedError: Invalid token or session expired. [39m
[31mStack: UnauthorizedError: Invalid token or session expired.[39m
[31m    at file:///E:/Self%20Project/Finance-Management-System/node-server/middlewares/authMiddleware.js:27:11[39m
[31m    at process.processTicksAndRejections (node:internal/process/task_queues:105:5)[39m
2026-03-11 09:09:51:951 [31merror[39m: [31mBadRequestError: errors.validation_error [39m
[31mStack: BadRequestError: errors.validation_error[39m
[31m    at BaseController.requireFields (file:///E:/Self%20Project/Finance-Management-System/node-server/bases/BaseController.js:27:13)[39m
[31m    at file:///E:/Self%20Project/Finance-Management-System/node-server/controllers/v1/accountController.js:16:23[39m
[31m    at file:///E:/Self%20Project/Finance-Management-System/node-server/utils/AsyncHelper/Async.js:3:25[39m
[31m    at Layer.handleRequest (E:\Self Project\Finance-Management-System\node-server\node_modules\router\lib\layer.js:152:17)[39m
[31m    at next (E:\Self Project\Finance-Management-System\node-server\node_modules\router\lib\route.js:157:13)[39m
[31m    at Route.dispatch (E:\Self Project\Finance-Management-System\node-server\node_modules\router\lib\route.js:117:3)[39m
[31m    at handle (E:\Self Project\Finance-Management-System\node-server\node_modules\router\index.js:435:11)[39m
[31m    at Layer.handleRequest (E:\Self Project\Finance-Management-System\node-server\node_modules\router\lib\layer.js:152:17)[39m
[31m    at E:\Self Project\Finance-Management-System\node-server\node_modules\router\index.js:295:15[39m
[31m    at processParams (E:\Self Project\Finance-Management-System\node-server\node_modules\router\index.js:582:12)[39m
2026-03-11 09:26:45:2645 [31merror[39m: [31mUnauthorizedError: Invalid token or session expired. [39m
[31mStack: UnauthorizedError: Invalid token or session expired.[39m
[31m    at file:///E:/Self%20Project/Finance-Management-System/node-server/middlewares/authMiddleware.js:27:11[39m
[31m    at process.processTicksAndRejections (node:internal/process/task_queues:105:5)[39m
2026-03-11 09:26:45:2645 [31merror[39m: [31mUnauthorizedError: Invalid token or session expired. [39m
[31mStack: UnauthorizedError: Invalid token or session expired.[39m
[31m    at file:///E:/Self%20Project/Finance-Management-System/node-server/middlewares/authMiddleware.js:27:11[39m
[31m    at process.processTicksAndRejections (node:internal/process/task_queues:105:5)[39m
2026-03-11 09:39:41:3941 [31merror[39m: [31mSequelizeEagerLoadingError: AccountType is associated to Account using an alias. You must use the 'as' keyword to specify the alias within your include statement. [39m
[31mStack: SequelizeEagerLoadingError: AccountType is associated to Account using an alias. You must use the 'as' keyword to specify the alias within your include statement.[39m
[31m    at Account._getIncludedAssociation (E:\Self Project\Finance-Management-System\node-server\node_modules\sequelize\lib\model.js:576:13)[39m
[31m    at Account._validateIncludedElement (E:\Self Project\Finance-Management-System\node-server\node_modules\sequelize\lib\model.js:502:53)[39m
[31m    at E:\Self Project\Finance-Management-System\node-server\node_modules\sequelize\lib\model.js:421:37[39m
[31m    at Array.map (<anonymous>)[39m
[31m    at Account._validateIncludedElements (E:\Self Project\Finance-Management-System\node-server\node_modules\sequelize\lib\model.js:417:39)[39m
[31m    at Account.findAll (E:\Self Project\Finance-Management-System\node-server\node_modules\sequelize\lib\model.js:1124:12)[39m
[31m    at process.processTicksAndRejections (node:internal/process/task_queues:105:5)[39m
[31m    at async file:///E:/Self%20Project/Finance-Management-System/node-server/controllers/v1/accountController.js:47:22[39m
2026-03-11 10:34:50:3450 [31merror[39m: [31mUnauthorizedError: Invalid token or session expired. [39m
[31mStack: UnauthorizedError: Invalid token or session expired.[39m
[31m    at file:///E:/Self%20Project/Finance-Management-System/node-server/middlewares/authMiddleware.js:27:11[39m
[31m    at process.processTicksAndRejections (node:internal/process/task_queues:105:5)[39m
2026-03-11 10:34:50:3450 [31merror[39m: [31mUnauthorizedError: Invalid token or session expired. [39m
[31mStack: UnauthorizedError: Invalid token or session expired.[39m
[31m    at file:///E:/Self%20Project/Finance-Management-System/node-server/middlewares/authMiddleware.js:27:11[39m
[31m    at process.processTicksAndRejections (node:internal/process/task_queues:105:5)[39m
2026-03-11 11:08:10:810 [31merror[39m: [31m❌ Error seeding categories: Validation error[39m
2026-03-11 11:09:24:924 [31merror[39m: [31m❌ Error seeding categories: Validation error[39m
2026-03-11 11:19:02:192 [31merror[39m: [31mError: Invalid value { user_id: 'df5abd3e-4896-46f2-8d4d-975a2aabe564' } [39m
[31mStack: Error: Invalid value { user_id: 'df5abd3e-4896-46f2-8d4d-975a2aabe564' }[39m
[31m    at Object.escape (E:\Self Project\Finance-Management-System\node-server\node_modules\sequelize\lib\sql-string.js:54:11)[39m
[31m    at PostgresQueryGenerator.escape (E:\Self Project\Finance-Management-System\node-server\node_modules\sequelize\lib\dialects\abstract\query-generator.js:766:22)[39m
[31m    at PostgresQueryGenerator._whereParseSingleValueObject (E:\Self Project\Finance-Management-System\node-server\node_modules\sequelize\lib\dialects\abstract\query-generator.js:2060:41)[39m
[31m    at PostgresQueryGenerator.whereItemQuery (E:\Self Project\Finance-Management-System\node-server\node_modules\sequelize\lib\dialects\abstract\query-generator.js:1818:19)[39m
[31m    at E:\Self Project\Finance-Management-System\node-server\node_modules\sequelize\lib\dialects\abstract\query-generator.js:1865:40[39m
[31m    at Array.map (<anonymous>)[39m
[31m    at PostgresQueryGenerator._whereBind (E:\Self Project\Finance-Management-System\node-server\node_modules\sequelize\lib\dialects\abstract\query-generator.js:1865:21)[39m
[31m    at PostgresQueryGenerator.whereItemQuery (E:\Self Project\Finance-Management-System\node-server\node_modules\sequelize\lib\dialects\abstract\query-generator.js:1796:19)[39m
[31m    at E:\Self Project\Finance-Management-System\node-server\node_modules\sequelize\lib\dialects\abstract\query-generator.js:1737:25[39m
[31m    at Array.forEach (<anonymous>)[39m
2026-03-11 11:19:22:1922 [31merror[39m: [31mError: Invalid value { user_id: 'df5abd3e-4896-46f2-8d4d-975a2aabe564' } [39m
[31mStack: Error: Invalid value { user_id: 'df5abd3e-4896-46f2-8d4d-975a2aabe564' }[39m
[31m    at Object.escape (E:\Self Project\Finance-Management-System\node-server\node_modules\sequelize\lib\sql-string.js:54:11)[39m
[31m    at PostgresQueryGenerator.escape (E:\Self Project\Finance-Management-System\node-server\node_modules\sequelize\lib\dialects\abstract\query-generator.js:766:22)[39m
[31m    at PostgresQueryGenerator._whereParseSingleValueObject (E:\Self Project\Finance-Management-System\node-server\node_modules\sequelize\lib\dialects\abstract\query-generator.js:2060:41)[39m
[31m    at PostgresQueryGenerator.whereItemQuery (E:\Self Project\Finance-Management-System\node-server\node_modules\sequelize\lib\dialects\abstract\query-generator.js:1818:19)[39m
[31m    at E:\Self Project\Finance-Management-System\node-server\node_modules\sequelize\lib\dialects\abstract\query-generator.js:1865:40[39m
[31m    at Array.map (<anonymous>)[39m
[31m    at PostgresQueryGenerator._whereBind (E:\Self Project\Finance-Management-System\node-server\node_modules\sequelize\lib\dialects\abstract\query-generator.js:1865:21)[39m
[31m    at PostgresQueryGenerator.whereItemQuery (E:\Self Project\Finance-Management-System\node-server\node_modules\sequelize\lib\dialects\abstract\query-generator.js:1796:19)[39m
[31m    at E:\Self Project\Finance-Management-System\node-server\node_modules\sequelize\lib\dialects\abstract\query-generator.js:1737:25[39m
[31m    at Array.forEach (<anonymous>)[39m
2026-03-11 11:20:48:2048 [31merror[39m: [31mError: Invalid value { user_id: 'df5abd3e-4896-46f2-8d4d-975a2aabe564' } [39m
[31mStack: Error: Invalid value { user_id: 'df5abd3e-4896-46f2-8d4d-975a2aabe564' }[39m
[31m    at Object.escape (E:\Self Project\Finance-Management-System\node-server\node_modules\sequelize\lib\sql-string.js:54:11)[39m
[31m    at PostgresQueryGenerator.escape (E:\Self Project\Finance-Management-System\node-server\node_modules\sequelize\lib\dialects\abstract\query-generator.js:766:22)[39m
[31m    at PostgresQueryGenerator._whereParseSingleValueObject (E:\Self Project\Finance-Management-System\node-server\node_modules\sequelize\lib\dialects\abstract\query-generator.js:2060:41)[39m
[31m    at PostgresQueryGenerator.whereItemQuery (E:\Self Project\Finance-Management-System\node-server\node_modules\sequelize\lib\dialects\abstract\query-generator.js:1818:19)[39m
[31m    at E:\Self Project\Finance-Management-System\node-server\node_modules\sequelize\lib\dialects\abstract\query-generator.js:1865:40[39m
[31m    at Array.map (<anonymous>)[39m
[31m    at PostgresQueryGenerator._whereBind (E:\Self Project\Finance-Management-System\node-server\node_modules\sequelize\lib\dialects\abstract\query-generator.js:1865:21)[39m
[31m    at PostgresQueryGenerator.whereItemQuery (E:\Self Project\Finance-Management-System\node-server\node_modules\sequelize\lib\dialects\abstract\query-generator.js:1796:19)[39m
[31m    at E:\Self Project\Finance-Management-System\node-server\node_modules\sequelize\lib\dialects\abstract\query-generator.js:1737:25[39m
[31m    at Array.forEach (<anonymous>)[39m
2026-03-11 11:53:46:5346 [31merror[39m: [31mUnauthorizedError: Invalid token or session expired. [39m
[31mStack: UnauthorizedError: Invalid token or session expired.[39m
[31m    at file:///E:/Self%20Project/Finance-Management-System/node-server/middlewares/authMiddleware.js:27:11[39m
[31m    at process.processTicksAndRejections (node:internal/process/task_queues:105:5)[39m
2026-03-11 12:07:27:727 [31merror[39m: [31mUnauthorizedError: Invalid token or session expired. [39m
[31mStack: UnauthorizedError: Invalid token or session expired.[39m
[31m    at file:///E:/Self%20Project/Finance-Management-System/node-server/middlewares/authMiddleware.js:27:11[39m
[31m    at processTicksAndRejections (node:internal/process/task_queues:105:5)[39m
[31m    at runNextTicks (node:internal/process/task_queues:69:3)[39m
[31m    at process.processImmediate (node:internal/timers:453:9)[39m
2026-03-11 12:07:27:727 [31merror[39m: [31mUnauthorizedError: Invalid token or session expired. [39m
[31mStack: UnauthorizedError: Invalid token or session expired.[39m
[31m    at file:///E:/Self%20Project/Finance-Management-System/node-server/middlewares/authMiddleware.js:27:11[39m
[31m    at process.processTicksAndRejections (node:internal/process/task_queues:105:5)[39m
2026-03-11 12:07:52:752 [31merror[39m: [31mUnauthorizedError: error.unauthorized [39m
[31mStack: UnauthorizedError: error.unauthorized[39m
[31m    at file:///E:/Self%20Project/Finance-Management-System/node-server/controllers/v1/authController.js:218:11[39m
[31m    at process.processTicksAndRejections (node:internal/process/task_queues:105:5)[39m
2026-03-12 07:06:45:645 [31merror[39m: [31mUnauthorizedError: Invalid token or session expired. [39m
[31mStack: UnauthorizedError: Invalid token or session expired.[39m
[31m    at file:///E:/Self%20Project/Finance-Management-System/node-server/middlewares/authMiddleware.js:27:11[39m
[31m    at process.processTicksAndRejections (node:internal/process/task_queues:105:5)[39m
2026-03-12 07:07:30:730 [31merror[39m: [31mSequelizeDatabaseError: column "transactionDate" does not exist [39m
[31mStack: Error[39m
[31m    at Query.run (E:\Self Project\Finance-Management-System\node-server\node_modules\sequelize\lib\dialects\postgres\query.js:50:25)[39m
[31m    at E:\Self Project\Finance-Management-System\node-server\node_modules\sequelize\lib\sequelize.js:315:28[39m
[31m    at process.processTicksAndRejections (node:internal/process/task_queues:105:5)[39m
[31m    at async PostgresQueryInterface.select (E:\Self Project\Finance-Management-System\node-server\node_modules\sequelize\lib\dialects\abstract\query-interface.js:407:12)[39m
[31m    at async Transaction.findAll (E:\Self Project\Finance-Management-System\node-server\node_modules\sequelize\lib\model.js:1140:21)[39m
[31m    at async file:///E:/Self%20Project/Finance-Management-System/node-server/controllers/v1/dashboardController.js:45:29[39m
2026-03-12 07:10:23:1023 [31merror[39m: [31mSequelizeDatabaseError: column "transactionDate" does not exist [39m
[31mStack: Error[39m
[31m    at Query.run (E:\Self Project\Finance-Management-System\node-server\node_modules\sequelize\lib\dialects\postgres\query.js:50:25)[39m
[31m    at E:\Self Project\Finance-Management-System\node-server\node_modules\sequelize\lib\sequelize.js:315:28[39m
[31m    at process.processTicksAndRejections (node:internal/process/task_queues:105:5)[39m
[31m    at async PostgresQueryInterface.select (E:\Self Project\Finance-Management-System\node-server\node_modules\sequelize\lib\dialects\abstract\query-interface.js:407:12)[39m
[31m    at async Transaction.findAll (E:\Self Project\Finance-Management-System\node-server\node_modules\sequelize\lib\model.js:1140:21)[39m
[31m    at async file:///E:/Self%20Project/Finance-Management-System/node-server/controllers/v1/dashboardController.js:45:29[39m
2026-03-13 00:27:15:2715 [31merror[39m: [31mUnauthorizedError: error.unauthorized [39m
[31mStack: UnauthorizedError: error.unauthorized[39m
[31m    at file:///E:/Self%20Project/Finance-Management-System/node-server/controllers/v1/authController.js:218:11[39m
[31m    at process.processTicksAndRejections (node:internal/process/task_queues:105:5)[39m
2026-03-13 00:27:41:2741 [31merror[39m: [31mUnauthorizedError: error.unauthorized [39m
[31mStack: UnauthorizedError: error.unauthorized[39m
[31m    at file:///E:/Self%20Project/Finance-Management-System/node-server/controllers/v1/authController.js:218:11[39m
[31m    at process.processTicksAndRejections (node:internal/process/task_queues:105:5)[39m
2026-03-13 00:55:32:5532 [31merror[39m: [31mReferenceError: Currency is not defined [39m
[31mStack: ReferenceError: Currency is not defined[39m
[31m    at file:///E:/Self%20Project/Finance-Management-System/node-server/controllers/v1/transactionController.js:87:40[39m
[31m    at file:///E:/Self%20Project/Finance-Management-System/node-server/utils/AsyncHelper/Async.js:3:25[39m
[31m    at Layer.handleRequest (E:\Self Project\Finance-Management-System\node-server\node_modules\router\lib\layer.js:152:17)[39m
[31m    at next (E:\Self Project\Finance-Management-System\node-server\node_modules\router\lib\route.js:157:13)[39m
[31m    at Route.dispatch (E:\Self Project\Finance-Management-System\node-server\node_modules\router\lib\route.js:117:3)[39m
[31m    at handle (E:\Self Project\Finance-Management-System\node-server\node_modules\router\index.js:435:11)[39m
[31m    at Layer.handleRequest (E:\Self Project\Finance-Management-System\node-server\node_modules\router\lib\layer.js:152:17)[39m
[31m    at E:\Self Project\Finance-Management-System\node-server\node_modules\router\index.js:295:15[39m
[31m    at param (E:\Self Project\Finance-Management-System\node-server\node_modules\router\index.js:600:14)[39m
[31m    at param (E:\Self Project\Finance-Management-System\node-server\node_modules\router\index.js:610:14)[39m
2026-03-13 02:06:25:625 [31merror[39m: [31mReferenceError: UserSetting is not defined [39m
[31mStack: ReferenceError: UserSetting is not defined[39m
[31m    at file:///E:/Self%20Project/Finance-Management-System/node-server/controllers/v1/deptController.js:154:24[39m
[31m    at file:///E:/Self%20Project/Finance-Management-System/node-server/utils/AsyncHelper/Async.js:3:25[39m
[31m    at Layer.handleRequest (E:\Self Project\Finance-Management-System\node-server\node_modules\router\lib\layer.js:152:17)[39m
[31m    at next (E:\Self Project\Finance-Management-System\node-server\node_modules\router\lib\route.js:157:13)[39m
[31m    at Route.dispatch (E:\Self Project\Finance-Management-System\node-server\node_modules\router\lib\route.js:117:3)[39m
[31m    at handle (E:\Self Project\Finance-Management-System\node-server\node_modules\router\index.js:435:11)[39m
[31m    at Layer.handleRequest (E:\Self Project\Finance-Management-System\node-server\node_modules\router\lib\layer.js:152:17)[39m
[31m    at E:\Self Project\Finance-Management-System\node-server\node_modules\router\index.js:295:15[39m
[31m    at param (E:\Self Project\Finance-Management-System\node-server\node_modules\router\index.js:600:14)[39m
[31m    at param (E:\Self Project\Finance-Management-System\node-server\node_modules\router\index.js:610:14)[39m
2026-03-13 02:06:52:652 [31merror[39m: [31mReferenceError: Currency is not defined [39m
[31mStack: ReferenceError: Currency is not defined[39m
[31m    at file:///E:/Self%20Project/Finance-Management-System/node-server/controllers/v1/deptController.js:157:14[39m
[31m    at file:///E:/Self%20Project/Finance-Management-System/node-server/utils/AsyncHelper/Async.js:3:25[39m
[31m    at Layer.handleRequest (E:\Self Project\Finance-Management-System\node-server\node_modules\router\lib\layer.js:152:17)[39m
[31m    at next (E:\Self Project\Finance-Management-System\node-server\node_modules\router\lib\route.js:157:13)[39m
[31m    at Route.dispatch (E:\Self Project\Finance-Management-System\node-server\node_modules\router\lib\route.js:117:3)[39m
[31m    at handle (E:\Self Project\Finance-Management-System\node-server\node_modules\router\index.js:435:11)[39m
[31m    at Layer.handleRequest (E:\Self Project\Finance-Management-System\node-server\node_modules\router\lib\layer.js:152:17)[39m
[31m    at E:\Self Project\Finance-Management-System\node-server\node_modules\router\index.js:295:15[39m
[31m    at param (E:\Self Project\Finance-Management-System\node-server\node_modules\router\index.js:600:14)[39m
[31m    at param (E:\Self Project\Finance-Management-System\node-server\node_modules\router\index.js:610:14)[39m
2026-03-13 02:07:06:76 [31merror[39m: [31mSequelizeEagerLoadingError: Currency is associated to UserSettings using an alias. You've included an alias (baseCurrency), but it does not match the alias(es) defined in your association (currency). [39m
[31mStack: SequelizeEagerLoadingError: Currency is associated to UserSettings using an alias. You've included an alias (baseCurrency), but it does not match the alias(es) defined in your association (currency).[39m
[31m    at UserSettings._getIncludedAssociation (E:\Self Project\Finance-Management-System\node-server\node_modules\sequelize\lib\model.js:574:15)[39m
[31m    at UserSettings._validateIncludedElement (E:\Self Project\Finance-Management-System\node-server\node_modules\sequelize\lib\model.js:502:53)[39m
[31m    at E:\Self Project\Finance-Management-System\node-server\node_modules\sequelize\lib\model.js:421:37[39m
[31m    at Array.map (<anonymous>)[39m
[31m    at UserSettings._validateIncludedElements (E:\Self Project\Finance-Management-System\node-server\node_modules\sequelize\lib\model.js:417:39)[39m
[31m    at UserSettings.findAll (E:\Self Project\Finance-Management-System\node-server\node_modules\sequelize\lib\model.js:1124:12)[39m
[31m    at process.processTicksAndRejections (node:internal/process/task_queues:105:5)[39m
[31m    at async UserSettings.findOne (E:\Self Project\Finance-Management-System\node-server\node_modules\sequelize\lib\model.js:1240:12)[39m
[31m    at async file:///E:/Self%20Project/Finance-Management-System/node-server/controllers/v1/deptController.js:154:24[39m
